year,month,maxTemp,minTemp,meanTemp,precipitation,CDDBase65
1872,Jan,,,,2,
1872,Feb,,,,2,
1872,Mar,48,-8,18,4,0
1872,Apr,85,28,38,1,1
1872,May,85,40,51,3,16
1872,Jun,94,47,61,5,175
1872,Jul,98,55,65,4,338
1872,Aug,95,50,64,11,265
1872,Sep,95,43,56,6,75
1872,Oct,75,35,44,5,2
1872,Nov,62,15,34,4,0
1872,Dec,47,-8,16,3,0
1873,Jan,52,-5,17,6,0
1873,Feb,52,-4,19,3,0
1873,Mar,60,12,26,4,0
1873,Apr,66,34,38,4,0
1873,May,89,34,47,5,41
1873,Jun,93,47,57,1,130
1873,Jul,96,55,63,4,267
1873,Aug,96,50,61,6,171
1873,Sep,90,42,53,3,61
1873,Oct,73,32,44,5,0
1873,Nov,57,11,26,8,0
1873,Dec,62,6,25,6,0
1874,Jan,60,0,23,4,0
1874,Feb,54,0,19,3,0
1874,Mar,63,6,26,2,0
1874,Apr,67,11,31,8,0
1874,May,86,32,46,4,19
1874,Jun,98,49,57,4,117
1874,Jul,94,54,63,3,259
1874,Aug,91,51,59,7,127
1874,Sep,90,46,57,2,64
1874,Oct,71,36,44,1,0
1874,Nov,64,13,33,3,0
1874,Dec,59,-2,22,2,0
1875,Jan,36,-2,12,4,0
1875,Feb,60,-5,13,4,0
1875,Mar,56,2,23,5,0
1875,Apr,69,21,34,5,0
1875,May,84,37,48,4,44
1875,Jun,94,46,56,7,130
1875,Jul,93,54,62,4,227
1875,Aug,87,54,63,4,207
1875,Sep,87,35,51,3,43
1875,Oct,74,30,42,5,0
1875,Nov,60,-2,26,5,0
1875,Dec,58,-11,22,1,0
1876,Jan,70,5,22,2,0
1876,Feb,56,-6,19,5,0
1876,Mar,68,5,25,7,0
1876,Apr,76,24,35,4,0
1876,May,86,34,46,3,22
1876,Jun,90,44,60,2,177
1876,Jul,96,52,65,6,299
1876,Aug,96,50,62,1,187
1876,Sep,91,44,53,4,22
1876,Oct,70,26,39,2,0
1876,Nov,75,14,35,11,0
1876,Dec,48,-4,13,4,0
1877,Jan,50,2,16,3,0
1877,Feb,56,13,25,0,0
1877,Mar,57,8,27,10,0
1877,Apr,73,29,37,4,0
1877,May,86,34,46,3,34
1877,Jun,92,47,58,3,105
1877,Jul,91,57,64,2,202
1877,Aug,92,58,64,4,229
1877,Sep,88,44,56,1,87
1877,Oct,82,31,43,9,4
1877,Nov,66,24,37,10,0
1877,Dec,59,14,27,1,0
1878,Jan,54,-6,18,8,0
1878,Feb,56,4,22,4,0
1878,Mar,71,10,31,6,0
1878,Apr,77,34,42,6,0
1878,May,85,38,48,1,10
1878,Jun,92,45,56,2,82
1878,Jul,98,54,64,5,284
1878,Aug,87,53,61,8,158
1878,Sep,91,40,56,3,86
1878,Oct,80,33,47,7,15
1878,Nov,61,22,33,9,0
1878,Dec,59,10,23,7,0
1879,Jan,56,0,14,3,0
1879,Feb,56,4,15,4,0
1879,Mar,61,8,26,4,0
1879,Apr,70,19,34,7,0
1879,May,93,38,50,1,56
1879,Jun,96,45,55,6,108
1879,Jul,94,50,62,3,203
1879,Aug,95,52,61,7,181
1879,Sep,89,34,52,2,40
1879,Oct,88,25,48,1,33
1879,Nov,69,9,30,3,0
1879,Dec,63,0,24,4,0
1880,Jan,59,8,26,4,0
1880,Feb,64,-5,21,4,0
1880,Mar,72,12,25,3,0
1880,Apr,73,22,37,3,0
1880,May,97,33,53,2,116
1880,Jun,93,48,58,1,177
1880,Jul,101,52,63,7,218
1880,Aug,96,47,60,3,213
1880,Sep,93,43,56,2,91
1880,Oct,80,27,42,3,0
1880,Nov,64,11,30,2,0
1880,Dec,50,-4,19,3,0
1881,Jan,48,-2,13,7,0
1881,Feb,55,-5,19,5,0
1881,Mar,53,24,31,10,0
1881,Apr,80,20,34,2,0
1881,May,91,36,47,4,33
1881,Jun,86,44,52,8,54
1881,Jul,89,54,61,3,179
1881,Aug,97,53,62,1,225
1881,Sep,102,49,59,2,132
1881,Oct,90,28,44,3,26
1881,Nov,71,15,34,4,0
1881,Dec,66,10,30,4,0
1882,Jan,52,-13,17,4,0
1882,Feb,60,4,21,5,0
1882,Mar,61,15,27,3,0
1882,Apr,68,19,33,2,0
1882,May,81,31,41,6,5
1882,Jun,94,48,56,1,121
1882,Jul,98,52,63,4,278
1882,Aug,92,51,61,1,219
1882,Sep,88,46,57,11,79
1882,Oct,83,39,48,2,12
1882,Nov,72,19,32,1,0
1882,Dec,54,6,23,3,0
1883,Jan,50,0,15,4,0
1883,Feb,60,11,19,3,0
1883,Mar,58,8,21,2,0
1883,Apr,74,23,36,3,0
1883,May,88,37,47,5,17
1883,Jun,91,51,60,2,182
1883,Jul,96,51,61,3,222
1883,Aug,92,48,59,0,141
1883,Sep,79,41,51,2,13
1883,Oct,80,29,39,6,5
1883,Nov,69,14,34,2,0
1883,Dec,58,-12,21,4,0
1884,Jan,52,0,16,6,0
1884,Feb,59,3,23,6,0
1884,Mar,60,4,26,5,0
1884,Apr,69,27,37,5,0
1884,May,88,35,46,3,10
1884,Jun,93,42,56,4,162
1884,Jul,90,54,60,4,143
1884,Aug,94,51,62,5,167
1884,Sep,94,40,57,0,145
1884,Oct,83,31,44,3,11
1884,Nov,65,22,33,3,0
1884,Dec,62,-10,26,4,0
1885,Jan,60,-2,18,5,0
1885,Feb,52,1,13,3,0
1885,Mar,59,3,18,1,0
1885,Apr,82,27,38,3,7
1885,May,84,35,46,4,13
1885,Jun,92,45,56,4,124
1885,Jul,93,51,63,1,227
1885,Aug,89,47,60,8,139
1885,Sep,84,39,51,2,25
1885,Oct,73,33,44,6,0
1885,Nov,69,23,37,6,0
1885,Dec,63,12,25,2,0
1886,Jan,54,-10,19,7,0
1886,Feb,57,-7,18,7,0
1886,Mar,64,-1,26,3,0
1886,Apr,84,27,40,2,2
1886,May,85,38,48,3,15
1886,Jun,82,50,56,1,38
1886,Jul,95,54,63,2,203
1886,Aug,90,49,60,4,136
1886,Sep,85,41,55,3,60
1886,Oct,80,27,44,3,6
1886,Nov,66,24,36,4,0
1886,Dec,55,6,21,4,0
1887,Jan,56,-5,16,5,0
1887,Feb,48,5,21,4,0
1887,Mar,53,10,24,4,0
1887,Apr,80,23,36,3,1
1887,May,89,45,52,2,42
1887,Jun,89,48,57,2,83
1887,Jul,95,61,67,4,304
1887,Aug,86,52,60,3,115
1887,Sep,80,40,52,1,20
1887,Oct,73,27,44,3,0
1887,Nov,69,12,34,2,0
1887,Dec,59,5,26,3,0
1888,Jan,57,-6,11,2,0
1888,Feb,56,-4,20,2,0
1888,Mar,58,10,25,3,0
1888,Apr,66,21,35,2,0
1888,May,77,35,46,5,1
1888,Jun,96,49,57,3,100
1888,Jul,89,51,60,2,151
1888,Aug,88,52,61,7,178
1888,Sep,80,36,54,7,35
1888,Oct,69,34,41,4,0
1888,Nov,74,13,36,5,0
1888,Dec,60,5,28,4,0
1889,Jan,60,9,30,4,0
1889,Feb,50,-1,19,2,0
1889,Mar,64,22,32,1,0
1889,Apr,81,32,41,3,1
1889,May,91,41,51,4,46
1889,Jun,87,50,61,3,151
1889,Jul,86,55,63,6,157
1889,Aug,84,52,61,4,107
1889,Sep,83,43,57,3,53
1889,Oct,74,32,42,3,0
1889,Nov,66,21,39,5,0
1889,Dec,65,10,31,2,0
1890,Jan,66,8,24,2,0
1890,Feb,64,5,25,2,0
1890,Mar,68,4,28,6,0
1890,Apr,72,26,38,2,0
1890,May,80,39,49,4,3
1890,Jun,87,50,56,2,72
1890,Jul,95,52,63,2,211
1890,Aug,89,50,62,3,144
1890,Sep,83,39,56,5,44
1890,Oct,77,36,46,6,1
1890,Nov,64,15,34,1,0
1890,Dec,56,0,18,4,0
1891,Jan,56,12,25,4,0
1891,Feb,62,2,24,4,0
1891,Mar,55,3,27,4,0
1891,Apr,78,27,39,2,4
1891,May,81,33,47,2,11
1891,Jun,96,45,57,3,107
1891,Jul,90,56,61,4,139
1891,Aug,90,54,63,4,178
1891,Sep,90,50,60,2,91
1891,Oct,83,28,44,6,7
1891,Nov,66,9,34,2,0
1891,Dec,64,11,33,4,0
1892,Jan,63,1,21,5,0
1892,Feb,46,5,23,2,0
1892,Mar,56,14,26,4,0
1892,Apr,77,27,39,1,0
1892,May,78,39,49,5,10
1892,Jun,96,49,61,3,175
1892,Jul,96,54,65,3,258
1892,Aug,94,55,64,5,193
1892,Sep,80,46,54,2,33
1892,Oct,78,36,45,2,2
1892,Nov,66,20,35,4,0
1892,Dec,48,0,24,1,0
1893,Jan,53,-4,12,3,
1893,Feb,53,-1,18,6,
1893,Mar,58,13,27,3,
1893,Apr,68,26,36,3,
1893,May,88,38,48,5,
1893,Jun,94,52,57,2,
1893,Jul,91,54,62,2,210
1893,Aug,93,53,62,6,165
1893,Sep,80,43,52,2,13
1893,Oct,79,30,48,3,
1893,Nov,68,20,34,2,
1893,Dec,57,0,20,5,
1894,Jan,56,2,23,3,
1894,Feb,51,-7,19,3,
1894,Mar,70,20,34,1,
1894,Apr,79,23,39,4,
1894,May,88,39,49,4,
1894,Jun,95,47,59,1,
1894,Jul,97,56,65,3,283
1894,Aug,90,47,60,3,134
1894,Sep,88,42,58,2,88
1894,Oct,76,38,47,5,0
1894,Nov,66,15,32,3,
1894,Dec,55,8,25,4,
1895,Jan,54,4,21,4,
1895,Feb,46,-6,16,1,
1895,Mar,58,14,28,3,0
1895,Apr,80,27,38,4,1
1895,May,90,36,50,3,
1895,Jun,96,50,60,2,
1895,Jul,85,54,62,3,152
1895,Aug,89,50,63,3,198
1895,Sep,96,42,57,2,
1895,Oct,70,32,41,6,0
1895,Nov,73,21,38,8,
1895,Dec,64,8,28,2,
1896,Jan,45,-10,18,2,
1896,Feb,56,-11,20,4,
1896,Mar,64,12,24,5,0
1896,Apr,84,25,39,2,6
1896,May,94,38,51,2,49
1896,Jun,92,49,58,3,107
1896,Jul,93,57,64,3,235
1896,Aug,95,52,63,2,197
1896,Sep,90,40,55,6,38
1896,Oct,76,33,44,3,3
1896,Nov,72,22,38,4,0
1896,Dec,58,4,23,2,0
1897,Jan,60,2,21,3,0
1897,Feb,52,12,24,2,0
1897,Mar,57,7,29,3,0
1897,Apr,81,21,40,3,4
1897,May,76,39,50,4,2
1897,Jun,87,47,54,4,50
1897,Jul,94,55,64,4,230
1897,Aug,86,53,62,4,155
1897,Sep,94,41,54,2,71
1897,Oct,88,32,46,0,31
1897,Nov,68,13,33,6,0
1897,Dec,64,9,28,4,0
1898,Jan,55,1,22,4,0
1898,Feb,59,5,26,5,0
1898,Mar,66,25,36,2,0
1898,Apr,72,23,37,6,0
1898,May,84,39,49,4,13
1898,Jun,92,50,58,2,103
1898,Jul,99,55,64,4,237
1898,Aug,94,55,65,6,260
1898,Sep,92,44,57,2,117
1898,Oct,85,35,47,7,20
1898,Nov,63,22,36,5,0
1898,Dec,58,0,25,2,0
1899,Jan,57,-3,20,4,0
1899,Feb,54,-4,20,3,0
1899,Mar,65,15,27,6,0
1899,Apr,83,28,39,1,3
1899,May,89,41,49,1,26
1899,Jun,93,52,60,3,161
1899,Jul,94,55,64,3,253
1899,Aug,90,53,61,3,134
1899,Sep,82,44,54,5,27
1899,Oct,77,34,47,2,2
1899,Nov,66,25,35,3,0
1899,Dec,66,5,29,2,0
1900,Jan,60,8,21,4,0
1900,Feb,60,-4,22,7,0
1900,Mar,59,7,24,5,0
1900,Apr,81,27,40,2,1
1900,May,93,33,45,5,18
1900,Jun,94,46,59,2,151
1900,Jul,97,55,65,3,284
1900,Aug,97,52,63,2,207
1900,Sep,91,44,58,5,96
1900,Oct,82,32,50,3,23
1900,Nov,73,21,38,4,0
1900,Dec,59,8,26,2,0
1901,Jan,50,-3,20,2,0
1901,Feb,47,10,17,1,0
1901,Mar,58,9,30,7,0
1901,Apr,75,33,39,7,0
1901,May,84,38,48,6,11
1901,Jun,97,49,59,1,152
1901,Jul,96,53,65,5,276
1901,Aug,88,59,64,3,184
1901,Sep,89,44,57,2,98
1901,Oct,76,35,46,3,0
1901,Nov,65,12,31,2,0
1901,Dec,64,9,25,8,0
1902,Jan,54,4,19,2,
1902,Feb,52,12,23,4,0
1902,Mar,69,26,36,5,0
1902,Apr,75,34,41,3,0
1902,May,88,34,49,1,28
1902,Jun,92,49,55,2,49
1902,Jul,91,52,61,3,133
1902,Aug,85,53,60,2,110
1902,Sep,89,47,56,2,46
1902,Oct,76,33,46,4,4
1902,Nov,70,28,38,1,0
1902,Dec,58,-8,20,4,0
1903,Jan,50,-1,21,3,0
1903,Feb,62,3,24,4,0
1903,Mar,76,23,36,6,0
1903,Apr,83,26,40,4,11
1903,May,88,34,50,0,53
1903,Jun,85,48,53,7,15
1903,Jul,93,55,63,3,217
1903,Aug,86,52,58,3,71
1903,Sep,91,42,56,2,98
1903,Oct,76,31,47,4,3
1903,Nov,74,15,33,1,0
1903,Dec,55,2,21,3,0
1904,Jan,46,-6,14,5,0
1904,Feb,49,-1,14,2,0
1904,Mar,70,8,27,2,0
1904,Apr,70,26,37,9,0
1904,May,87,43,52,3,44
1904,Jun,92,48,56,2,94
1904,Jul,89,56,64,1,213
1904,Aug,89,52,61,2,140
1904,Sep,86,35,54,6,56
1904,Oct,74,27,42,2,0
1904,Nov,60,15,31,2,0
1904,Dec,49,6,19,3,0
1905,Jan,52,4,18,4,0
1905,Feb,43,3,16,2,0
1905,Mar,69,12,29,2,0
1905,Apr,74,30,38,2,0
1905,May,83,38,49,1,28
1905,Jun,90,46,57,5,105
1905,Jul,94,59,65,1,266
1905,Aug,90,51,62,3,165
1905,Sep,81,41,55,5,32
1905,Oct,80,32,46,1,12
1905,Nov,64,13,33,2,0
1905,Dec,61,8,28,3,0
1906,Jan,68,9,28,3,
1906,Feb,63,-1,22,3,0
1906,Mar,56,8,25,5,0
1906,Apr,70,28,40,2,0
1906,May,86,38,49,5,22
1906,Jun,88,46,58,3,110
1906,Jul,89,55,64,5,176
1906,Aug,93,57,65,2,232
1906,Sep,90,44,57,3,84
1906,Oct,73,35,46,4,0
1906,Nov,68,23,35,3,0
1906,Dec,54,1,22,4,0
1907,Jan,58,-7,19,3,0
1907,Feb,52,-2,13,2,0
1907,Mar,71,14,30,2,0
1907,Apr,73,27,35,3,0
1907,May,81,33,45,3,7
1907,Jun,94,45,56,3,130
1907,Jul,91,58,64,1,233
1907,Aug,94,54,62,1,161
1907,Sep,87,44,57,7,88
1907,Oct,74,32,42,3,0
1907,Nov,61,25,37,6,0
1907,Dec,64,20,30,4,0
1908,Jan,57,1,23,2,
1908,Feb,60,-2,19,3,0
1908,Mar,70,15,31,3,0
1908,Apr,85,24,38,2,12
1908,May,88,39,51,4,46
1908,Jun,90,49,60,1,173
1908,Jul,97,58,65,3,296
1908,Aug,90,47,63,4,172
1908,Sep,88,47,58,1,81
1908,Oct,80,35,48,4,13
1908,Nov,65,25,36,1,0
1908,Dec,67,10,26,2,0
1909,Jan,60,3,22,4,0
1909,Feb,59,3,25,5,0
1909,Mar,55,17,30,3,0
1909,Apr,83,25,39,4,2
1909,May,83,38,48,2,10
1909,Jun,94,49,61,4,191
1909,Jul,95,53,63,1,212
1909,Aug,94,50,62,4,160
1909,Sep,82,46,55,5,31
1909,Oct,77,33,45,1,3
1909,Nov,76,27,39,4,0
1909,Dec,56,4,25,3,0
1910,Jan,57,-3,25,4,0
1910,Feb,60,-3,21,3,0
1910,Mar,78,17,34,1,0
1910,Apr,78,35,44,2,0
1910,May,86,40,50,1,17
1910,Jun,92,46,58,5,123
1910,Jul,94,58,67,1,316
1910,Aug,88,54,62,1,139
1910,Sep,82,47,55,2,40
1910,Oct,85,33,47,1,27
1910,Nov,61,26,36,4,0
1910,Dec,55,6,20,2,0
1911,Jan,60,4,24,2,0
1911,Feb,56,4,20,3,0
1911,Mar,66,14,28,3,0
1911,Apr,80,23,38,2,8
1911,May,92,33,53,0,72
1911,Jun,86,50,58,4,79
1911,Jul,104,57,68,5,385
1911,Aug,92,55,62,4,155
1911,Sep,85,41,55,3,61
1911,Oct,73,34,46,2,0
1911,Nov,68,25,34,4,0
1911,Dec,68,15,33,3,0
1912,Jan,53,-5,14,3,0
1912,Feb,57,-1,20,2,0
1912,Mar,64,11,28,4,0
1912,Apr,77,27,39,3,2
1912,May,86,42,50,4,30
1912,Jun,92,45,58,0,152
1912,Jul,99,56,64,5,266
1912,Aug,90,49,61,2,154
1912,Sep,90,40,56,2,84
1912,Oct,86,36,49,1,17
1912,Nov,70,24,38,3,0
1912,Dec,69,15,32,5,0
1913,Jan,62,13,31,2,0
1913,Feb,60,3,19,3,0
1913,Mar,73,10,33,5,0
1913,Apr,76,29,41,5,2
1913,May,78,37,48,3,1
1913,Jun,91,47,58,1,121
1913,Jul,96,60,65,3,282
1913,Aug,96,56,62,3,189
1913,Sep,86,41,54,3,54
1913,Oct,74,31,51,6,0
1913,Nov,71,27,39,2,0
1913,Dec,56,18,31,3,0
1914,Jan,63,-9,21,3,0
1914,Feb,56,-11,17,3,0
1914,Mar,74,16,30,4,0
1914,Apr,87,27,37,6,7
1914,May,95,38,51,3,
1914,Jun,94,49,58,1,119
1914,Jul,90,51,61,3,158
1914,Aug,90,55,63,3,183
1914,Sep,94,34,55,0,129
1914,Oct,83,29,49,2,24
1914,Nov,74,20,35,3,0
1914,Dec,62,-2,24,3,0
1915,Jan,62,3,27,6,0
1915,Feb,61,10,26,3,0
1915,Mar,60,13,27,,0
1915,Apr,84,30,42,2,1
1915,May,80,39,48,2,6
1915,Jun,87,44,56,1,58
1915,Jul,90,58,63,9,173
1915,Aug,89,51,62,6,163
1915,Sep,94,44,59,1,147
1915,Oct,78,37,48,3,10
1915,Nov,72,29,38,2,0
1915,Dec,61,16,28,4,0
1916,Jan,66,4,24,1,0
1916,Feb,57,0,18,5,0
1916,Mar,55,7,24,3,0
1916,Apr,68,32,39,4,0
1916,May,85,44,50,3,10
1916,Jun,84,49,55,5,45
1916,Jul,93,56,65,6,250
1916,Aug,95,54,64,2,223
1916,Sep,90,44,56,2,83
1916,Oct,84,36,47,1,20
1916,Nov,68,22,35,2,0
1916,Dec,59,10,27,3,0
1917,Jan,55,5,23,3,0
1917,Feb,53,-3,18,3,0
1917,Mar,61,17,30,4,0
1917,Apr,72,26,38,3,0
1917,May,80,36,44,4,1
1917,Jun,87,50,57,4,100
1917,Jul,98,56,66,1,275
1917,Aug,98,58,65,7,254
1917,Sep,83,40,52,2,26
1917,Oct,71,37,44,5,0
1917,Nov,65,13,32,1,0
1917,Dec,48,-14,16,3,0
1918,Jan,54,-3,14,3,0
1918,Feb,57,-10,17,2,0
1918,Mar,69,11,28,3,0
1918,Apr,76,31,40,3,0
1918,May,89,44,53,2,56
1918,Jun,92,47,56,2,60
1918,Jul,98,54,63,3,211
1918,Aug,96,53,63,2,190
1918,Sep,81,45,54,9,30
1918,Oct,79,38,48,1,16
1918,Nov,65,19,39,1,0
1918,Dec,63,13,28,3,0
1919,Jan,59,2,26,4,0
1919,Feb,52,16,25,3,0
1919,Mar,63,15,33,4,0
1919,Apr,68,19,40,2,0
1919,May,93,41,51,4,29
1919,Jun,98,49,58,1,143
1919,Jul,101,55,66,5,291
1919,Aug,90,55,61,5,140
1919,Sep,91,45,56,6,52
1919,Oct,81,33,47,2,9
1919,Nov,65,25,36,5,0
1919,Dec,61,-6,21,2,0
1920,Jan,48,-8,12,3,0
1920,Feb,52,-7,21,6,0
1920,Mar,72,10,30,4,0
1920,Apr,67,26,38,6,0
1920,May,86,36,48,5,8
1920,Jun,90,47,58,6,131
1920,Jul,90,56,63,2,242
1920,Aug,93,56,65,2,224
1920,Sep,85,45,58,2,63
1920,Oct,82,37,51,2,12
1920,Nov,64,22,35,5,0
1920,Dec,58,5,30,4,0
1921,Jan,56,0,24,2,0
1921,Feb,59,8,26,3,0
1921,Mar,83,20,37,2,0
1921,Apr,77,32,44,5,1
1921,May,93,41,50,4,54
1921,Jun,93,49,59,4,139
1921,Jul,95,58,66,12,270
1921,Aug,92,55,62,2,158
1921,Sep,93,53,60,1,131
1921,Oct,79,31,47,1,3
1921,Nov,72,25,35,6,0
1921,Dec,58,2,24,2,0
1922,Jan,51,0,20,1,0
1922,Feb,56,-4,24,3,0
1922,Mar,79,14,32,4,0
1922,Apr,85,29,40,2,0
1922,May,86,43,52,5,35
1922,Jun,92,52,61,8,149
1922,Jul,93,58,64,3,229
1922,Aug,93,54,63,5,183
1922,Sep,84,42,57,4,93
1922,Oct,87,28,46,2,27
1922,Nov,66,24,37,1,0
1922,Dec,61,8,24,3,0
1923,Jan,55,5,20,6,0
1923,Feb,45,2,17,1,0
1923,Mar,67,4,25,2,0
1923,Apr,87,13,38,5,11
1923,May,89,35,49,1,23
1923,Jun,96,47,60,2,182
1923,Jul,94,56,62,3,182
1923,Aug,94,51,60,2,162
1923,Sep,82,47,57,0,
1923,Oct,81,35,48,3,6
1923,Nov,62,28,38,3,0
1923,Dec,62,19,34,5,0
1924,Jan,61,-6,23,3,0
1924,Feb,44,10,20,3,0
1924,Mar,59,21,32,2,0
1924,Apr,69,28,40,4,0
1924,May,76,42,49,3,1
1924,Jun,90,48,58,1,118
1924,Jul,95,58,65,2,288
1924,Aug,98,56,64,7,223
1924,Sep,90,44,54,7,49
1924,Oct,81,36,46,0,5
1924,Nov,76,14,37,2,
1924,Dec,64,-1,23,1,0
1925,Jan,48,0,19,4,0
1925,Feb,59,14,31,2,0
1925,Mar,72,11,35,5,0
1925,Apr,82,31,41,2,7
1925,May,83,42,48,3,6
1925,Jun,100,53,61,5,204
1925,Jul,95,54,64,4,236
1925,Aug,92,50,62,1,214
1925,Sep,90,41,56,3,93
1925,Oct,79,30,42,4,0
1925,Nov,66,14,36,4,0
1925,Dec,59,4,28,5,0
1926,Jan,56,4,24,3,0
1926,Feb,48,11,20,6,0
1926,Mar,60,12,27,3,0
1926,Apr,78,21,36,2,0
1926,May,84,41,48,3,6
1926,Jun,88,46,56,1,78
1926,Jul,103,56,63,6,197
1926,Aug,94,55,63,4,183
1926,Sep,89,47,55,1,34
1926,Oct,84,35,45,4,14
1926,Nov,71,20,36,4,0
1926,Dec,51,4,21,4,0
1927,Jan,52,0,23,3,0
1927,Feb,49,11,26,3,0
1927,Mar,69,16,34,1,0
1927,Apr,89,29,39,1,8
1927,May,77,41,48,2,1
1927,Jun,90,50,57,2,73
1927,Jul,95,53,64,5,236
1927,Aug,85,54,60,7,109
1927,Sep,85,50,56,2,64
1927,Oct,89,36,49,4,35
1927,Nov,76,26,42,5,7
1927,Dec,65,13,28,5,0
1928,Jan,58,11,26,2,0
1928,Feb,54,-1,21,3,0
1928,Mar,70,17,29,2,0
1928,Apr,84,28,38,5,2
1928,May,74,41,48,3,0
1928,Jun,90,51,58,6,89
1928,Jul,94,57,65,4,264
1928,Aug,96,58,66,2,280
1928,Sep,85,42,55,4,50
1928,Oct,88,28,47,3,31
1928,Nov,76,18,37,2,3
1928,Dec,61,17,32,3,0
1929,Jan,60,6,21,4,0
1929,Feb,56,14,25,4,0
1929,Mar,69,9,33,3,0
1929,Apr,84,29,40,8,2
1929,May,96,42,50,3,63
1929,Jun,94,45,59,2,146
1929,Jul,94,54,63,1,247
1929,Aug,90,54,60,2,150
1929,Sep,97,40,57,1,117
1929,Oct,78,34,44,2,0
1929,Nov,77,12,38,3,5
1929,Dec,52,7,26,4,0
1930,Jan,64,8,24,3,0
1930,Feb,68,-1,25,2,0
1930,Mar,60,19,30,3,0
1930,Apr,78,26,38,2,0
1930,May,95,45,51,3,59
1930,Jun,95,45,63,2,243
1930,Jul,94,58,65,3,251
1930,Aug,98,53,63,3,188
1930,Sep,91,49,60,0,165
1930,Oct,87,34,46,5,11
1930,Nov,71,16,38,4,0
1930,Dec,58,4,27,3,0
1931,Jan,55,7,23,4,0
1931,Feb,49,1,23,4,0
1931,Mar,57,27,34,5,0
1931,Apr,78,32,42,3,0
1931,May,94,37,50,5,70
1931,Jun,97,48,59,9,122
1931,Jul,97,60,67,2,287
1931,Aug,97,58,65,4,229
1931,Sep,95,46,59,2,130
1931,Oct,84,40,50,2,21
1931,Nov,78,25,42,1,4
1931,Dec,61,14,29,3,0
1932,Jan,69,18,32,4,0
1932,Feb,55,11,23,2,0
1932,Mar,63,12,28,5,0
1932,Apr,76,28,39,2,0
1932,May,93,43,51,2,53
1932,Jun,88,42,57,2,117
1932,Jul,90,57,64,2,249
1932,Aug,91,59,65,4,289
1932,Sep,87,40,57,4,79
1932,Oct,81,38,50,7,28
1932,Nov,66,8,34,5,0
1932,Dec,66,0,30,2,0
1933,Jan,60,9,31,1,0
1933,Feb,66,9,26,4,0
1933,Mar,60,11,30,7,0
1933,Apr,76,29,40,7,0
1933,May,90,40,52,3,58
1933,Jun,99,47,59,1,190
1933,Jul,98,52,62,3,206
1933,Aug,95,55,64,3,223
1933,Sep,86,47,58,11,85
1933,Oct,75,27,44,3,0
1933,Nov,70,12,30,1,0
1933,Dec,50,-17,19,3,0
1934,Jan,56,-2,22,2,0
1934,Feb,44,-18,8,4,0
1934,Mar,68,6,26,4,0
1934,Apr,72,32,40,3,0
1934,May,87,41,51,2,36
1934,Jun,94,50,58,3,121
1934,Jul,93,57,65,1,258
1934,Aug,86,50,60,2,125
1934,Sep,81,52,59,6,41
1934,Oct,71,32,43,3,0
1934,Nov,69,23,38,2,0
1934,Dec,65,3,21,2,0
1935,Jan,56,-5,15,6,0
1935,Feb,53,-1,20,3,0
1935,Mar,71,16,30,2,0
1935,Apr,84,28,38,5,7
1935,May,85,37,47,1,20
1935,Jun,89,50,58,5,112
1935,Jul,92,58,65,1,248
1935,Aug,90,52,63,2,198
1935,Sep,80,42,54,3,18
1935,Oct,78,32,45,0,1
1935,Nov,71,20,39,4,0
1935,Dec,45,3,21,1,0
1936,Jan,54,4,21,6,0
1936,Feb,46,4,16,4,0
1936,Mar,70,15,34,6,0
1936,Apr,80,29,38,4,4
1936,May,91,34,50,2,49
1936,Jun,85,52,58,2,
1936,Jul,98,57,62,1,201
1936,Aug,94,54,61,5,181
1936,Sep,90,41,55,4,50
1936,Oct,79,25,46,3,11
1936,Nov,75,13,32,1,3
1936,Dec,59,10,27,8,0
1937,Jan,64,15,30,4,0
1937,Feb,56,10,27,1,0
1937,Mar,57,15,26,4,0
1937,Apr,71,31,38,5,0
1937,May,93,42,50,3,27
1937,Jun,95,53,59,3,81
1937,Jul,99,55,65,1,265
1937,Aug,98,57,66,5,312
1937,Sep,93,45,55,4,69
1937,Oct,74,32,45,4,3
1937,Nov,66,23,37,5,0
1937,Dec,50,16,25,5,0
1938,Jan,57,3,21,5,0
1938,Feb,53,8,23,2,0
1938,Mar,78,7,31,2,0
1938,Apr,89,25,40,3,9
1938,May,81,41,48,4,4
1938,Jun,93,48,58,6,119
1938,Jul,90,54,64,9,224
1938,Aug,94,56,65,3,278
1938,Sep,82,45,54,5,30
1938,Oct,87,38,49,2,15
1938,Nov,77,12,38,3,8
1938,Dec,57,13,28,3,0
1939,Jan,55,4,21,2,0
1939,Feb,66,9,24,4,0
1939,Mar,58,9,26,5,0
1939,Apr,69,26,37,5,
1939,May,90,39,48,1,33
1939,Jun,88,52,58,3,85
1939,Jul,93,56,64,1,233
1939,Aug,92,60,66,2,282
1939,Sep,96,45,56,1,75
1939,Oct,87,31,45,5,15
1939,Nov,61,21,33,1,0
1939,Dec,57,6,26,3,0
1940,Jan,52,8,16,2,0
1940,Feb,47,10,23,5,0
1940,Mar,60,14,27,4,0
1940,Apr,75,26,36,5,0
1940,May,75,43,49,3,1
1940,Jun,90,46,57,2,78
1940,Jul,95,55,63,3,222
1940,Aug,86,46,60,1,143
1940,Sep,86,42,55,2,63
1940,Oct,77,28,42,1,3
1940,Nov,71,17,36,6,0
1940,Dec,58,2,27,3,0
1941,Jan,48,3,19,4,0
1941,Feb,47,8,22,2,0
1941,Mar,56,12,26,3,0
1941,Apr,89,32,42,2,6
1941,May,92,36,50,2,41
1941,Jun,96,50,59,4,159
1941,Jul,96,57,64,3,209
1941,Aug,94,53,61,2,187
1941,Sep,94,40,56,1,122
1941,Oct,84,29,47,2,19
1941,Nov,75,26,39,2,0
1941,Dec,59,7,28,3,0
1942,Jan,60,1,21,4,0
1942,Feb,48,1,20,3,0
1942,Mar,65,30,34,7,0
1942,Apr,86,32,41,2,8
1942,May,88,44,52,2,36
1942,Jun,91,48,59,4,138
1942,Jul,93,58,63,4,201
1942,Aug,92,50,63,2,206
1942,Sep,91,39,57,2,92
1942,Oct,82,36,48,3,4
1942,Nov,71,20,36,5,0
1942,Dec,59,-11,22,5,0
1943,Jan,47,3,19,4,0
1943,Feb,63,-14,22,1,0
1943,Mar,68,6,28,4,0
1943,Apr,75,20,35,3,0
1943,May,85,35,49,5,15
1943,Jun,97,49,61,1,206
1943,Jul,93,53,66,4,294
1943,Aug,94,56,63,1,198
1943,Sep,85,44,55,1,57
1943,Oct,81,35,47,5,5
1943,Nov,67,24,36,2,0
1943,Dec,52,0,21,1,0
1944,Jan,58,6,25,2,0
1944,Feb,55,7,21,2,0
1944,Mar,64,10,27,4,0
1944,Apr,75,29,38,4,0
1944,May,96,40,54,0,69
1944,Jun,95,47,58,5,137
1944,Jul,95,59,65,2,280
1944,Aug,101,53,65,2,319
1944,Sep,90,42,57,5,92
1944,Oct,86,30,45,3,13
1944,Nov,69,29,36,6,0
1944,Dec,50,8,23,3,0
1945,Jan,59,-4,16,4,0
1945,Feb,51,11,24,4,0
1945,Mar,86,24,38,2,8
1945,Apr,85,33,44,2,14
1945,May,79,35,47,4,6
1945,Jun,96,41,58,6,147
1945,Jul,93,55,64,2,222
1945,Aug,94,55,62,4,202
1945,Sep,95,40,58,2,139
1945,Oct,84,34,44,2,3
1945,Nov,74,25,38,7,1
1945,Dec,52,8,22,7,0
1946,Jan,57,-3,20,4,0
1946,Feb,59,4,19,3,0
1946,Mar,85,24,37,2,9
1946,Apr,66,24,39,3,0
1946,May,87,36,49,5,22
1946,Jun,94,45,58,3,153
1946,Jul,96,54,62,2,206
1946,Aug,90,52,61,10,129
1946,Sep,88,45,58,2,86
1946,Oct,86,38,49,0,30
1946,Nov,72,27,40,1,0
1946,Dec,63,8,26,4,0
1947,Jan,61,8,24,2,0
1947,Feb,53,8,21,1,0
1947,Mar,58,22,30,2,0
1947,Apr,75,30,39,4,0
1947,May,87,36,48,4,38
1947,Jun,89,46,56,3,99
1947,Jul,90,59,66,4,298
1947,Aug,99,54,64,2,261
1947,Sep,88,37,56,4,133
1947,Oct,89,38,52,1,62
1947,Nov,59,25,35,5,0
1947,Dec,60,12,23,4,0
1948,Jan,45,-3,16,5,0
1948,Feb,54,2,18,2,0
1948,Mar,72,1,29,3,0
1948,Apr,74,30,39,3,0
1948,May,83,42,48,5,2
1948,Jun,92,47,56,4,77
1948,Jul,96,53,65,5,304
1948,Aug,100,58,65,1,277
1948,Sep,90,44,56,1,101
1948,Oct,79,33,46,5,9
1948,Nov,73,28,43,5,1
1948,Dec,58,7,30,1,0
1949,Jan,60,14,28,3,0
1949,Feb,61,7,27,3,0
1949,Mar,71,13,31,2,0
1949,Apr,77,33,42,3,0
1949,May,90,42,51,3,49
1949,Jun,95,51,61,1,225
1949,Jul,100,59,67,1,357
1949,Aug,101,54,66,2,301
1949,Sep,85,44,55,6,56
1949,Oct,86,37,50,2,22
1949,Nov,68,15,36,4,0
1949,Dec,64,15,29,2,0
1950,Jan,72,6,28,4,0
1950,Feb,52,-1,20,4,0
1950,Mar,70,2,25,3,0
1950,Apr,75,28,38,2,0
1950,May,80,35,47,2,1
1950,Jun,93,50,59,1,143
1950,Jul,93,56,64,1,271
1950,Aug,87,56,63,3,193
1950,Sep,86,38,54,1,52
1950,Oct,85,33,48,2,20
1950,Nov,83,27,40,6,2
1950,Dec,63,4,29,3,0
1951,Jan,61,1,26,4,0
1951,Feb,66,8,26,4,0
1951,Mar,65,21,33,4,0
1951,Apr,74,37,43,3,0
1951,May,91,41,50,5,38
1951,Jun,91,51,58,4,100
1951,Jul,92,60,66,2,285
1951,Aug,89,54,62,3,185
1951,Sep,90,39,57,2,90
1951,Oct,72,37,48,4,0
1951,Nov,71,16,35,7,0
1951,Dec,64,9,28,5,0
1952,Jan,55,1,25,4,0
1952,Feb,52,14,26,5,0
1952,Mar,63,17,31,4,0
1952,Apr,80,34,43,4,1
1952,May,82,39,49,4,3
1952,Jun,100,55,62,3,183
1952,Jul,100,56,68,1,395
1952,Aug,91,54,64,7,236
1952,Sep,90,46,58,1,110
1952,Oct,78,31,44,2,2
1952,Nov,71,28,39,2,0
1952,Dec,52,9,30,4,0
1953,Jan,58,15,28,6,0
1953,Feb,60,10,28,4,0
1953,Mar,69,10,32,11,0
1953,Apr,71,32,42,6,0
1953,May,86,39,50,5,16
1953,Jun,98,49,60,0,203
1953,Jul,96,57,64,3,265
1953,Aug,98,55,63,2,225
1953,Sep,100,40,58,2,118
1953,Oct,80,38,48,5,9
1953,Nov,74,30,41,8,0
1953,Dec,64,12,32,5,0
1954,Jan,53,3,18,3,0
1954,Feb,61,-1,29,3,0
1954,Mar,70,21,31,3,0
1954,Apr,85,17,40,5,5
1954,May,85,42,49,13,25
1954,Jun,93,49,59,3,115
1954,Jul,95,59,64,2,229
1954,Aug,92,52,62,6,176
1954,Sep,84,47,56,8,59
1954,Oct,90,37,51,4,59
1954,Nov,66,28,37,6,0
1954,Dec,57,16,28,5,0
1955,Jan,45,10,22,1,0
1955,Feb,57,-1,25,4,0
1955,Mar,63,17,30,5,0
1955,Apr,78,33,42,4,1
1955,May,89,42,52,1,69
1955,Jun,92,50,58,4,135
1955,Jul,98,59,68,4,382
1955,Aug,100,54,66,17,307
1955,Sep,90,43,56,2,76
1955,Oct,82,34,48,7,7
1955,Nov,60,22,36,6,0
1955,Dec,48,-2,20,1,0
1956,Jan,44,5,26,7,0
1956,Feb,53,9,26,4,0
1956,Mar,52,13,28,5,0
1956,Apr,83,32,38,3,0
1956,May,93,34,45,2,16
1956,Jun,97,47,60,2,178
1956,Jul,93,55,64,3,230
1956,Aug,93,56,63,1,227
1956,Sep,86,41,54,5,63
1956,Oct,87,35,46,4,7
1956,Nov,71,20,38,3,0
1956,Dec,62,8,29,6,0
1957,Jan,58,-12,15,2,0
1957,Feb,68,13,27,1,0
1957,Mar,63,20,32,3,0
1957,Apr,88,31,41,4,8
1957,May,89,37,51,4,48
1957,Jun,95,51,62,2,219
1957,Jul,98,58,65,1,288
1957,Aug,96,52,61,2,148
1957,Sep,93,40,59,0,131
1957,Oct,78,35,47,3,1
1957,Nov,70,17,40,6,0
1957,Dec,63,17,33,7,0
1958,Jan,53,4,25,10,0
1958,Feb,45,-4,19,6,0
1958,Mar,58,27,34,4,0
1958,Apr,78,30,41,8,0
1958,May,80,39,49,4,10
1958,Jun,89,48,56,3,62
1958,Jul,93,58,65,4,242
1958,Aug,90,56,64,5,238
1958,Sep,89,46,56,8,78
1958,Oct,82,33,45,5,12
1958,Nov,67,18,39,3,0
1958,Dec,54,6,19,2,0
1959,Jan,62,2,21,3,0
1959,Feb,54,0,18,3,0
1959,Mar,70,18,29,6,0
1959,Apr,75,33,41,4,0
1959,May,93,42,52,1,76
1959,Jun,96,47,56,9,89
1959,Jul,92,59,66,8,309
1959,Aug,96,55,66,3,296
1959,Sep,92,44,60,1,179
1959,Oct,85,33,48,5,18
1959,Nov,73,22,37,4,0
1959,Dec,61,12,30,5,0
1960,Jan,57,9,25,3,0
1960,Feb,56,20,28,5,0
1960,Mar,62,10,26,3,0
1960,Apr,78,31,40,4,0
1960,May,83,43,52,4,9
1960,Jun,91,51,61,3,175
1960,Jul,92,59,64,5,260
1960,Aug,93,55,64,2,239
1960,Sep,93,48,57,6,71
1960,Oct,76,31,46,2,0
1960,Nov,67,28,41,2,0
1960,Dec,57,7,22,5,0
1961,Jan,56,4,18,3,0
1961,Feb,65,-4,24,5,0
1961,Mar,65,16,30,5,0
1961,Apr,71,32,38,7,0
1961,May,88,38,48,5,25
1961,Jun,95,49,59,2,145
1961,Jul,91,57,64,3,234
1961,Aug,92,55,64,3,243
1961,Sep,94,46,61,7,179
1961,Oct,81,35,50,2,14
1961,Nov,76,27,39,3,2
1961,Dec,57,11,27,3,0
1962,Jan,56,6,21,3,0
1962,Feb,61,-1,19,4,0
1962,Mar,75,7,32,1,0
1962,Apr,91,31,40,4,4
1962,May,91,40,49,2,38
1962,Jun,92,51,59,2,142
1962,Jul,89,55,62,2,177
1962,Aug,89,55,62,4,175
1962,Sep,86,41,55,4,51
1962,Oct,79,31,47,9,3
1962,Nov,62,27,35,4,0
1962,Dec,64,-4,23,5,0
1963,Jan,54,4,22,3,0
1963,Feb,49,-3,17,3,0
1963,Mar,78,21,32,4,0
1963,Apr,75,28,40,1,0
1963,May,88,36,50,3,32
1963,Jun,95,49,60,2,179
1963,Jul,98,55,66,2,310
1963,Aug,91,54,62,2,182
1963,Sep,87,39,53,3,43
1963,Oct,90,35,50,1,49
1963,Nov,71,30,42,8,0
1963,Dec,52,3,20,3,0
1964,Jan,55,10,25,5,0
1964,Feb,47,13,22,5,0
1964,Mar,72,19,32,3,0
1964,Apr,82,24,39,4,0
1964,May,93,38,50,1,48
1964,Jun,94,49,58,2,124
1964,Jul,97,57,64,3,223
1964,Aug,85,52,58,2,76
1964,Sep,87,42,54,3,55
1964,Oct,77,34,44,3,0
1964,Nov,68,24,37,2,0
1964,Dec,60,12,26,5,0
1965,Jan,57,-4,18,3,0
1965,Feb,53,6,20,3,0
1965,Mar,60,18,30,2,0
1965,Apr,76,22,36,2,0
1965,May,92,42,49,1,30
1965,Jun,91,46,58,3,159
1965,Jul,93,54,62,1,196
1965,Aug,93,47,62,1,213
1965,Sep,89,38,55,2,67
1965,Oct,76,32,44,2,0
1965,Nov,68,26,35,2,0
1965,Dec,63,13,30,2,0
1966,Jan,61,6,22,5,0
1966,Feb,54,3,25,3,0
1966,Mar,66,22,32,2,0
1966,Apr,70,34,39,1,0
1966,May,86,38,49,3,26
1966,Jun,94,51,60,3,185
1966,Jul,97,59,66,3,317
1966,Aug,92,59,64,1,202
1966,Sep,92,46,56,3,51
1966,Oct,78,32,46,3,2
1966,Nov,69,27,40,4,0
1966,Dec,70,14,28,3,0
1967,Jan,62,7,29,2,0
1967,Feb,58,-3,19,4,0
1967,Mar,64,6,28,5,0
1967,Apr,75,27,37,5,0
1967,May,77,37,44,7,0
1967,Jun,94,47,58,3,131
1967,Jul,89,56,66,2,250
1967,Aug,86,56,64,6,190
1967,Sep,83,45,54,2,49
1967,Oct,81,34,46,1,8
1967,Nov,68,21,34,3,0
1967,Dec,58,18,29,6,0
1968,Jan,50,-4,18,4,0
1968,Feb,48,5,19,1,0
1968,Mar,64,11,32,8,0
1968,Apr,69,32,42,2,0
1968,May,77,44,49,3,3
1968,Jun,91,50,58,6,79
1968,Jul,98,58,66,1,325
1968,Aug,93,57,63,2,195
1968,Sep,84,51,59,2,51
1968,Oct,85,39,51,2,37
1968,Nov,63,32,39,7,0
1968,Dec,57,-3,25,6,0
1969,Jan,49,7,23,2,0
1969,Feb,40,12,25,7,0
1969,Mar,57,15,30,3,0
1969,Apr,83,25,42,4,9
1969,May,87,43,50,2,13
1969,Jun,95,55,61,1,156
1969,Jul,95,58,65,3,196
1969,Aug,93,54,66,2,297
1969,Sep,95,46,56,4,74
1969,Oct,79,30,47,2,1
1969,Nov,61,22,39,8,0
1969,Dec,60,12,28,10,0
1970,Jan,49,3,17,1,0
1970,Feb,58,7,24,5,0
1970,Mar,57,19,31,4,0
1970,Apr,75,28,41,3,0
1970,May,92,39,51,3,25
1970,Jun,90,50,58,5,118
1970,Jul,92,58,66,1,294
1970,Aug,94,59,65,4,273
1970,Sep,92,48,57,3,91
1970,Oct,76,34,48,3,9
1970,Nov,63,25,39,4,0
1970,Dec,59,13,22,7,0
1971,Jan,46,2,17,2,0
1971,Feb,53,5,24,5,0
1971,Mar,65,23,30,3,0
1971,Apr,72,30,36,3,0
1971,May,79,43,48,4,6
1971,Jun,94,48,59,2,155
1971,Jul,94,58,64,3,269
1971,Aug,93,52,64,2,271
1971,Sep,92,49,60,2,132
1971,Oct,86,45,52,2,15
1971,Nov,76,24,36,7,1
1971,Dec,64,13,29,2,0
1972,Jan,59,5,25,2,0
1972,Feb,55,0,22,5,0
1972,Mar,62,18,30,5,0
1972,Apr,74,25,38,3,0
1972,May,86,40,49,5,26
1972,Jun,86,48,58,7,74
1972,Jul,94,58,66,2,279
1972,Aug,88,54,63,1,213
1972,Sep,88,50,58,6,79
1972,Oct,72,32,44,3,0
1972,Nov,66,17,36,7,0
1972,Dec,62,14,27,6,0
1973,Jan,61,1,24,3,0
1973,Feb,54,3,23,2,0
1973,Mar,67,26,36,2,0
1973,Apr,84,31,42,6,7
1973,May,87,42,50,4,18
1973,Jun,97,50,61,5,180
1973,Jul,96,59,66,5,296
1973,Aug,99,57,67,3,316
1973,Sep,94,43,56,2,84
1973,Oct,77,37,48,3,3
1973,Nov,71,30,40,2,0
1973,Dec,63,11,32,7,0
1974,Jan,63,-3,25,3,0
1974,Feb,57,8,22,3,0
1974,Mar,70,15,30,4,0
1974,Apr,85,27,42,4,10
1974,May,89,37,48,3,22
1974,Jun,93,48,56,2,81
1974,Jul,95,58,64,2,235
1974,Aug,91,57,64,3,226
1974,Sep,87,39,56,7,68
1974,Oct,78,30,41,3,1
1974,Nov,77,23,38,2,3
1974,Dec,58,17,32,4,0
1975,Jan,62,11,28,6,0
1975,Feb,54,7,26,3,0
1975,Mar,57,14,30,3,0
1975,Apr,70,31,37,2,0
1975,May,90,43,52,2,60
1975,Jun,94,49,60,2,139
1975,Jul,95,56,67,2,345
1975,Aug,102,53,65,6,261
1975,Sep,81,46,56,5,44
1975,Oct,78,34,50,4,9
1975,Nov,76,33,44,5,4
1975,Dec,66,4,26,5,0
1976,Jan,56,-4,18,5,0
1976,Feb,63,12,28,2,0
1976,Mar,72,18,33,2,0
1976,Apr,94,24,45,2,43
1976,May,83,44,51,2,25
1976,Jun,95,53,64,1,276
1976,Jul,93,58,65,4,251
1976,Aug,93,49,64,8,231
1976,Sep,88,46,56,2,61
1976,Oct,77,28,45,4,8
1976,Nov,66,23,35,1,0
1976,Dec,59,6,21,3,0
1977,Jan,47,3,17,4,0
1977,Feb,48,9,25,2,0
1977,Mar,81,27,37,5,1
1977,Apr,88,26,41,4,13
1977,May,92,35,52,4,92
1977,Jun,90,50,59,2,124
1977,Jul,102,57,66,2,314
1977,Aug,95,56,64,3,272
1977,Sep,92,47,58,4,75
1977,Oct,77,37,48,5,6
1977,Nov,67,29,43,3,0
1977,Dec,55,5,28,6,0
1978,Jan,58,10,21,8,0
1978,Feb,44,3,20,3,0
1978,Mar,60,16,30,2,0
1978,Apr,75,29,42,2,0
1978,May,86,37,52,4,40
1978,Jun,89,52,59,2,122
1978,Jul,99,56,64,1,237
1978,Aug,93,55,65,5,221
1978,Sep,88,42,53,1,48
1978,Oct,78,33,44,3,0
1978,Nov,70,17,37,2,0
1978,Dec,62,19,28,4,0
1979,Jan,61,4,26,11,0
1979,Feb,53,-3,16,3,0
1979,Mar,72,19,35,3,0
1979,Apr,77,33,42,3,0
1979,May,95,45,54,4,35
1979,Jun,95,50,59,1,122
1979,Jul,94,55,66,2,304
1979,Aug,91,54,65,5,226
1979,Sep,85,42,57,4,85
1979,Oct,83,32,45,3,17
1979,Nov,72,29,41,3,0
1979,Dec,68,5,29,1,0
1980,Jan,57,11,23,1,0
1980,Feb,53,9,21,1,0
1980,Mar,59,7,29,5,0
1980,Apr,75,33,41,4,0
1980,May,89,44,51,2,18
1980,Jun,96,47,58,3,114
1980,Jul,99,57,67,2,347
1980,Aug,94,58,66,2,299
1980,Sep,96,45,58,1,137
1980,Oct,72,34,45,4,1
1980,Nov,64,26,34,3,0
1980,Dec,61,-7,20,1,0
1981,Jan,49,-4,14,1,0
1981,Feb,66,13,29,7,0
1981,Mar,77,20,32,1,0
1981,Apr,78,31,43,3,0
1981,May,91,40,51,1,67
1981,Jun,92,54,62,2,185
1981,Jul,99,56,66,3,306
1981,Aug,90,51,64,1,232
1981,Sep,90,44,56,3,60
1981,Oct,74,37,44,3,0
1981,Nov,69,26,38,5,0
1981,Dec,58,14,28,6,0
1982,Jan,56,-2,15,5,0
1982,Feb,54,15,24,3,0
1982,Mar,63,10,31,2,0
1982,Apr,83,16,38,3,0
1982,May,84,44,51,3,15
1982,Jun,85,45,56,13,67
1982,Jul,98,57,66,4,314
1982,Aug,87,48,63,2,192
1982,Sep,87,50,57,2,49
1982,Oct,82,35,46,3,10
1982,Nov,76,25,40,3,2
1982,Dec,70,10,33,1,0
1983,Jan,59,0,25,5,0
1983,Feb,57,7,26,5,0
1983,Mar,61,22,34,10,0
1983,Apr,83,34,43,7,7
1983,May,81,40,51,3,18
1983,Jun,97,53,62,1,200
1983,Jul,99,60,69,1,410
1983,Aug,97,55,66,3,283
1983,Sep,99,51,62,1,217
1983,Oct,85,32,48,4,27
1983,Nov,69,28,39,9,0
1983,Dec,59,0,25,5,0
1984,Jan,51,1,21,2,0
1984,Feb,60,13,31,8,0
1984,Mar,54,6,26,7,0
1984,Apr,84,29,40,4,3
1984,May,89,41,50,9,31
1984,Jun,98,51,61,3,207
1984,Jul,98,58,66,4,312
1984,Aug,93,56,67,2,306
1984,Sep,85,40,53,1,62
1984,Oct,78,33,46,5,3
1984,Nov,68,25,37,2,0
1984,Dec,73,13,32,3,0
1985,Jan,45,6,18,1,0
1985,Feb,70,8,26,2,0
1985,Mar,74,18,32,2,0
1985,Apr,84,26,41,2,5
1985,May,89,39,50,3,30
1985,Jun,84,51,57,4,72
1985,Jul,92,54,65,4,271
1985,Aug,93,53,64,7,183
1985,Sep,90,45,58,3,83
1985,Oct,78,35,48,2,8
1985,Nov,73,25,39,6,0
1985,Dec,60,7,24,1,0
1986,Jan,58,1,23,3,0
1986,Feb,47,13,23,3,0
1986,Mar,77,7,31,3,0
1986,Apr,72,34,42,2,0
1986,May,90,36,50,1,60
1986,Jun,89,45,57,8,105
1986,Jul,95,54,64,4,211
1986,Aug,87,47,63,3,190
1986,Sep,87,45,55,1,55
1986,Oct,80,34,46,3,10
1986,Nov,72,19,34,6,0
1986,Dec,64,15,29,6,0
1987,Jan,50,8,22,7,0
1987,Feb,47,-1,21,1,0
1987,Mar,65,12,32,4,0
1987,Apr,72,31,39,9,0
1987,May,93,39,48,2,48
1987,Jun,87,50,57,3,87
1987,Jul,95,57,64,1,221
1987,Aug,96,54,62,3,189
1987,Sep,86,48,58,7,76
1987,Oct,73,37,46,3,0
1987,Nov,78,16,36,3,2
1987,Dec,58,3,30,2,0
1988,Jan,58,-4,20,2,0
1988,Feb,60,8,25,4,0
1988,Mar,69,12,31,4,0
1988,Apr,67,33,41,1,0
1988,May,85,41,50,3,31
1988,Jun,98,47,59,1,173
1988,Jul,99,50,65,8,287
1988,Aug,96,53,67,1,342
1988,Sep,83,44,56,1,59
1988,Oct,83,31,43,2,11
1988,Nov,67,28,39,7,0
1988,Dec,60,2,25,1,0
1989,Jan,54,5,26,1,0
1989,Feb,66,10,23,3,0
1989,Mar,81,9,29,3,1
1989,Apr,66,31,38,4,0
1989,May,82,44,51,4,29
1989,Jun,93,53,60,3,142
1989,Jul,96,59,64,5,248
1989,Aug,90,54,64,6,214
1989,Sep,86,42,57,5,89
1989,Oct,76,38,47,6,0
1989,Nov,71,15,36,4,0
1989,Dec,53,4,14,1,0
1990,Jan,63,14,30,4,0
1990,Feb,65,3,25,4,0
1990,Mar,73,12,31,2,0
1990,Apr,92,31,40,6,10
1990,May,81,42,48,7,2
1990,Jun,87,49,58,1,116
1990,Jul,93,57,65,4,261
1990,Aug,92,55,66,7,268
1990,Sep,87,44,57,2,77
1990,Oct,86,34,50,7,34
1990,Nov,77,28,40,1,8
1990,Dec,67,18,33,3,0
1991,Jan,49,4,22,3,0
1991,Feb,65,9,28,2,0
1991,Mar,79,23,34,4,0
1991,Apr,86,35,42,5,3
1991,May,91,44,53,1,79
1991,Jun,97,50,61,3,189
1991,Jul,99,58,66,2,304
1991,Aug,93,57,66,5,287
1991,Sep,90,39,56,6,79
1991,Oct,80,34,48,4,15
1991,Nov,73,28,39,4,0
1991,Dec,64,10,28,3,0
1992,Jan,58,7,24,3,0
1992,Feb,55,7,25,2,0
1992,Mar,61,9,28,4,0
1992,Apr,76,31,39,2,0
1992,May,92,37,48,1,30
1992,Jun,87,48,59,5,126
1992,Jul,89,54,62,3,165
1992,Aug,91,57,63,4,189
1992,Sep,85,39,56,3,83
1992,Oct,78,35,45,2,5
1992,Nov,64,25,37,6,0
1992,Dec,56,13,28,8,0
1993,Jan,62,10,25,2,0
1993,Feb,51,2,19,5,0
1993,Mar,60,12,30,8,0
1993,Apr,73,33,41,5,0
1993,May,91,45,52,1,28
1993,Jun,93,48,59,2,173
1993,Jul,99,56,66,2,310
1993,Aug,96,57,66,1,273
1993,Sep,93,43,57,5,89
1993,Oct,77,34,44,4,0
1993,Nov,78,18,37,3,2
1993,Dec,56,7,28,7,0
1994,Jan,54,-4,13,5,0
1994,Feb,62,3,20,3,0
1994,Mar,67,18,31,7,0
1994,Apr,88,34,42,2,1
1994,May,86,43,49,5,29
1994,Jun,95,50,62,1,221
1994,Jul,97,61,69,2,395
1994,Aug,92,56,64,7,241
1994,Sep,87,50,57,5,44
1994,Oct,77,39,47,0,1
1994,Nov,79,22,41,4,4
1994,Dec,65,13,31,5,0
1995,Jan,66,12,28,4,0
1995,Feb,55,1,21,3,0
1995,Mar,67,19,32,2,0
1995,Apr,68,20,38,1,0
1995,May,89,38,49,2,24
1995,Jun,95,53,60,2,147
1995,Jul,100,59,67,2,344
1995,Aug,96,55,64,1,252
1995,Sep,89,46,55,4,64
1995,Oct,83,38,50,6,15
1995,Nov,65,23,35,5,0
1995,Dec,50,17,26,3,0
1996,Jan,60,3,23,7,0
1996,Feb,58,4,24,3,0
1996,Mar,62,13,29,2,0
1996,Apr,80,32,40,4,3
1996,May,91,39,49,3,30
1996,Jun,87,51,60,1,120
1996,Jul,89,59,64,5,222
1996,Aug,90,59,64,2,196
1996,Sep,85,47,58,6,63
1996,Oct,73,36,46,11,0
1996,Nov,73,20,34,2,1
1996,Dec,61,5,33,6,0
1997,Jan,55,0,22,2,0
1997,Feb,66,15,29,1,0
1997,Mar,63,17,30,5,0
1997,Apr,75,26,39,3,0
1997,May,76,43,48,3,0
1997,Jun,94,47,60,1,189
1997,Jul,95,56,65,1,280
1997,Aug,94,58,64,3,202
1997,Sep,84,44,56,1,66
1997,Oct,84,32,45,2,12
1997,Nov,66,22,36,6,0
1997,Dec,53,13,29,2,0
1998,Jan,60,7,28,5,0
1998,Feb,53,7,30,6,0
1998,Mar,89,10,34,4,16
1998,Apr,78,34,42,4,2
1998,May,89,41,52,7,52
1998,Jun,88,48,57,12,59
1998,Jul,93,60,66,2,298
1998,Aug,92,57,65,3,240
1998,Sep,88,46,58,3,83
1998,Oct,77,38,47,5,1
1998,Nov,63,31,38,1,0
1998,Dec,76,11,32,2,0
1999,Jan,62,2,22,6,0
1999,Feb,58,8,26,4,0
1999,Mar,72,13,32,3,0
1999,Apr,76,32,41,1,0
1999,May,87,43,51,3,11
1999,Jun,97,51,62,,215
1999,Jul,98,55,67,4,344
1999,Aug,94,55,64,1,213
1999,Sep,87,50,60,10,110
1999,Oct,75,35,45,4,0
1999,Nov,72,27,40,2,0
1999,Dec,59,12,31,2,0
2000,Jan,64,0,19,3,0
2000,Feb,61,13,27,3,0
2000,Mar,72,16,36,4,0
2000,Apr,75,34,40,5,0
2000,May,91,42,48,3,15
2000,Jun,92,46,59,7,151
2000,Jul,87,55,63,5,167
2000,Aug,89,56,63,2,174
2000,Sep,87,38,55,3,71
2000,Oct,80,33,46,3,5
2000,Nov,66,17,38,5,0
2000,Dec,64,8,22,5,0
2001,Jan,44,12,24,2,0
2001,Feb,54,10,24,1,0
2001,Mar,51,17,30,8,0
2001,Apr,85,32,41,1,9
2001,May,92,38,51,1,55
2001,Jun,92,50,62,5,210
2001,Jul,95,56,62,2,160
2001,Aug,97,58,67,4,283
2001,Sep,87,48,57,2,83
2001,Oct,83,34,47,1,20
2001,Nov,73,29,40,1,0
2001,Dec,72,23,35,3,0
2002,Jan,65,22,31,3,0
2002,Feb,60,13,28,2,0
2002,Mar,66,19,33,4,0
2002,Apr,93,28,41,3,8
2002,May,84,37,49,4,18
2002,Jun,93,47,58,5,133
2002,Jul,97,58,66,1,324
2002,Aug,101,58,67,2,330
2002,Sep,91,50,61,3,138
2002,Oct,85,32,46,3,21
2002,Nov,70,19,37,5,0
2002,Dec,61,12,27,5,0
2003,Jan,44,1,18,2,0
2003,Feb,53,0,20,4,0
2003,Mar,69,9,29,4,0
2003,Apr,84,28,38,4,3
2003,May,82,39,48,4,3
2003,Jun,93,50,58,5,94
2003,Jul,93,59,66,2,298
2003,Aug,93,55,67,,300
2003,Sep,83,49,59,3,57
2003,Oct,74,33,46,6,0
2003,Nov,76,27,39,3,0
2003,Dec,58,16,29,5,0
2004,Jan,50,-7,14,1,0
2004,Feb,55,12,26,1,0
2004,Mar,67,21,33,3,0
2004,Apr,86,30,41,10,3
2004,May,89,40,50,3,24
2004,Jun,93,49,58,2,104
2004,Jul,89,59,64,4,198
2004,Aug,91,56,64,4,231
2004,Sep,85,47,58,7,72
2004,Oct,74,38,48,2,0
2004,Nov,66,24,37,3,0
2004,Dec,61,6,28,4,0
2005,Jan,63,-2,20,4,0
2005,Feb,54,13,25,3,0
2005,Mar,55,11,28,4,0
2005,Apr,87,33,41,3,5
2005,May,78,39,46,4,1
2005,Jun,95,48,60,1,176
2005,Jul,94,56,65,3,274
2005,Aug,97,60,66,3,299
2005,Sep,91,48,60,2,126
2005,Oct,81,33,48,9,13
2005,Nov,70,21,38,4,0
2005,Dec,51,10,27,3,0
2006,Jan,60,10,30,5,0
2006,Feb,57,7,24,3,0
2006,Mar,73,18,31,1,0
2006,Apr,77,33,42,2,0
2006,May,84,44,50,12,20
2006,Jun,93,52,61,10,158
2006,Jul,96,62,67,4,343
2006,Aug,98,55,64,3,218
2006,Sep,84,45,57,2,60
2006,Oct,80,37,47,4,4
2006,Nov,69,32,42,6,0
2006,Dec,67,20,34,2,0
2007,Jan,69,3,26,3,0
2007,Feb,49,8,19,2,0
2007,Mar,68,5,29,4,0
2007,Apr,86,28,39,7,4
2007,May,92,42,52,4,68
2007,Jun,96,50,60,2,159
2007,Jul,92,56,65,5,253
2007,Aug,96,55,65,1,257
2007,Sep,95,47,59,2,135
2007,Oct,86,37,52,2,31
2007,Nov,69,22,36,3,0
2007,Dec,53,17,26,5,0
2008,Jan,67,7,26,3,0
2008,Feb,62,11,26,8,0
2008,Mar,60,25,31,5,0
2008,Apr,84,33,42,3,2
2008,May,83,40,50,3,13
2008,Jun,95,52,62,3,195
2008,Jul,95,61,67,6,318
2008,Aug,87,56,63,4,165
2008,Sep,89,48,59,6,95
2008,Oct,74,33,46,1,1
2008,Nov,70,22,37,5,0
2008,Dec,63,9,28,7,0
2009,Jan,40,6,18,3,0
2009,Feb,60,8,25,2,0
2009,Mar,61,14,31,3,0
2009,Apr,93,34,42,4,18
2009,May,92,45,51,3,28
2009,Jun,84,48,58,3,33
2009,Jul,87,58,64,7,191
2009,Aug,95,56,66,3,281
2009,Sep,81,46,56,3,40
2009,Oct,73,34,45,5,0
2009,Nov,69,35,43,3,0
2009,Dec,69,10,27,4,0
2010,Jan,57,6,23,3,0
2010,Feb,50,14,28,3,0
2010,Mar,72,25,38,15,0
2010,Apr,90,35,44,2,3
2010,May,94,40,54,3,70
2010,Jun,94,53,62,3,186
2010,Jul,100,60,69,3,385
2010,Aug,96,60,66,6,278
2010,Sep,95,51,61,2,147
2010,Oct,84,37,48,4,13
2010,Nov,64,28,38,3,0
2010,Dec,57,14,27,4,0
2011,Jan,56,-2,22,5,0
2011,Feb,60,13,22,5,0
2011,Mar,70,12,32,2,0
2011,Apr,78,33,42,4,3
2011,May,87,44,52,3,55
2011,Jun,92,49,60,5,135
2011,Jul,103,63,69,2,389
2011,Aug,93,62,67,8,282
2011,Sep,87,48,60,4,118
2011,Oct,87,34,51,7,25
2011,Nov,69,31,42,4,0
2011,Dec,63,18,32,4,0
2012,Jan,60,6,27,3,0
2012,Feb,59,16,30,1,0
2012,Mar,83,20,38,1,9
2012,Apr,87,34,44,3,16
2012,May,86,45,54,3,34
2012,Jun,97,50,60,5,135
2012,Jul,97,61,67,4,329
2012,Aug,92,60,67,3,304
2012,Sep,82,49,58,4,72
2012,Oct,78,35,50,3,6
2012,Nov,66,30,36,1,0
2012,Dec,60,21,32,6,0
2013,Jan,61,4,24,1,0
2013,Feb,47,15,25,5,0
2013,Mar,59,21,32,3,0
2013,Apr,75,31,41,1,0
2013,May,94,40,50,3,38
2013,Jun,95,53,61,10,171
2013,Jul,99,60,69,4,383
2013,Aug,89,59,64,2,229
2013,Sep,97,44,56,2,82
2013,Oct,82,35,49,1,16
2013,Nov,72,18,35,3,1
2013,Dec,57,9,26,5,0
2014,Jan,59,2,20,3,0
2014,Feb,55,8,22,4,0
2014,Mar,60,11,25,4,0
2014,Apr,75,31,40,3,1
2014,May,85,43,51,3,21
2014,Jun,89,51,60,3,138
2014,Jul,92,59,66,5,291
2014,Aug,91,58,63,2,188
2014,Sep,93,46,58,1,120
2014,Oct,81,39,50,6,10
2014,Nov,66,23,36,5,0
2014,Dec,64,18,33,7,0
2015,Jan,52,-1,19,4,0
2015,Feb,39,-3,10,3,0
2015,Mar,57,9,26,3,0
2015,Apr,69,30,40,2,0
2015,May,89,39,51,1,61
2015,Jun,88,46,57,5,97
2015,Jul,92,59,66,2,285
2015,Aug,91,61,67,2,307
2015,Sep,96,48,61,4,167
2015,Oct,76,31,47,2,1
2015,Nov,76,28,41,2,3
2015,Dec,69,24,39,4,0
2016,Jan,58,8,26,3,0
2016,Feb,65,-9,26,4,0
2016,Mar,77,21,35,3,0
2016,Apr,78,22,40,3,3
2016,May,92,42,51,3,42
2016,Jun,87,54,60,1,129
2016,Jul,98,59,68,1,358
2016,Aug,98,61,68,2,362
2016,Sep,93,48,61,1,128
2016,Oct,81,34,48,5,13
2016,Nov,70,30,39,3,0
2016,Dec,58,4,28,3,0
2017,Jan,61,11,29,4,0
2017,Feb,73,11,28,3,0
2017,Mar,63,9,27,4,0
2017,Apr,86,33,44,6,19
2017,May,95,42,50,3,41
2017,Jun,95,47,61,5,191
2017,Jul,93,56,65,4,250
2017,Aug,91,57,64,2,228
2017,Sep,88,50,60,4,111
2017,Oct,80,40,54,4,40
2017,Nov,75,22,36,2,0
2017,Dec,59,2,25,2,0
2018,Jan,61,-2,21,5,0
2018,Feb,72,10,30,4,0
2018,Mar,64,16,31,5,0
2018,Apr,70,29,38,5,0
2018,May,90,44,52,2,73
2018,Jun,92,49,60,3,141
2018,Jul,98,61,68,5,352
2018,Aug,98,62,70,5,391
2018,Sep,97,53,63,5,153
2018,Oct,86,34,47,4,22
2018,Nov,70,14,37,9,0
2018,Dec,65,20,30,3,0
2019,Jan,59,5,23,4,0
2019,Feb,65,10,26,3,0
2019,Mar,70,15,32,3,0
2019,Apr,77,30,44,7,8
2019,May,89,43,50,3,21
2019,Jun,87,53,61,5,126
2019,Jul,98,63,71,6,433
2019,Aug,95,57,66,3,290
2019,Sep,92,50,60,2,126
2019,Oct,81,42,51,4,9
2019,Nov,72,21,36,3,0
2019,Dec,63,15,31,6,0
2020,Jan,74,14,31,1,0
2020,Feb,64,12,31,3,0
2020,Mar,72,19,34,4,0
2020,Apr,62,31,39,4,0
2020,May,83,34,48,2,34
2020,Jun,92,47,61,3,174
2020,Jul,95,59,68,2,328
2020,Aug,94,58,66,2,291
2020,Sep,85,44,57,1,94
2020,Oct,78,28,48,5,3
2020,Nov,75,22,39,4,0
2020,Dec,63,16,29,6,0
2021,Jan,52,7,25,2,0
2021,Feb,50,11,25,3,0
2021,Mar,74,13,33,2,0
2021,Apr,78,29,43,4,0
2021,May,92,44,53,5,64
2021,Jun,100,54,65,3,290
2021,Jul,95,57,66,10,246
2021,Aug,96,62,70,7,376
2021,Sep,86,52,63,7,156
2021,Oct,78,41,54,5,14
2021,Nov,70,26,37,1,0
2021,Dec,64,20,33,2,0
2022,Jan,52,4,19,2,0
2022,Feb,69,10,24,5,0
2022,Mar,68,17,33,3,0
2022,Apr,73,35,42,2,0
2022,May,89,41,52,1,55
2022,Jun,90,51,60,2,131
2022,Jul,100,61,68,1,395
2022,Aug,98,63,68,1,369
2022,Sep,84,48,58,3,71
2022,Oct,78,39,50,4,3
2022,Nov,77,25,41,3,9
2022,Dec,63,11,30,4,0
2023,Jan,58,23,32,5,0
2023,Feb,62,-10,26,1,0
2023,Mar,61,28,34,4,0
2023,Apr,88,31,44,3,5
2023,May,86,42,51,2,39
2023,Jun,84,47,59,3,106
2023,Jul,91,61,68,10,332
2023,Aug,88,59,65,6,216
2023,Sep,93,49,62,4,136
