1.00,3.14,72.32,6.00,2.00,2.00,2.00
1.00,0.02,48.38,3.00,1.00,3.00,2.00
8.00,2.14,82.04,9.00,1.00,9.00,2.00
8.00,2.61,48.05,9.00,4.00,9.00,2.00
4.00,2.78,45.17,7.00,3.00,3.00,1.00
8.00,1.28,64.77,9.00,2.00,2.00,2.00
5.00,1.63,79.61,8.00,4.00,4.00,3.00
6.00,1.56,80.40,9.00,3.00,8.00,3.00
9.00,0.37,47.71,7.00,6.00,9.00,2.00
7.00,0.68,72.40,8.00,8.00,7.00,3.00
2.00,2.75,49.83,9.00,1.00,4.00,2.00
3.00,1.79,51.91,4.00,6.00,1.00,3.00
6.00,0.53,43.37,7.00,9.00,9.00,2.00
6.00,0.64,74.75,6.00,4.00,6.00,3.00
8.00,1.97,49.45,3.00,4.00,5.00,1.00
3.00,0.14,43.05,8.00,8.00,3.00,3.00
2.00,3.23,52.72,6.00,9.00,2.00,1.00
5.00,1.31,54.13,4.00,4.00,3.00,2.00
6.00,0.74,68.33,1.00,8.00,5.00,1.00
9.00,2.70,79.27,2.00,7.00,1.00,1.00
1.00,2.01,83.81,8.00,6.00,5.00,1.00
5.00,2.76,71.90,8.00,7.00,9.00,2.00
8.00,0.24,82.87,6.00,9.00,4.00,3.00
9.00,3.24,36.73,1.00,9.00,6.00,1.00
6.00,3.89,69.48,1.00,8.00,2.00,1.00
2.00,2.19,58.71,3.00,9.00,3.00,1.00
3.00,1.74,51.79,6.00,2.00,8.00,1.00
2.00,3.90,48.94,2.00,5.00,8.00,1.00
9.00,0.74,48.65,2.00,9.00,5.00,3.00
5.00,1.55,61.70,4.00,2.00,7.00,1.00
9.00,0.68,39.85,9.00,8.00,2.00,2.00
2.00,3.06,83.05,9.00,5.00,1.00,2.00
2.00,1.60,59.64,3.00,6.00,9.00,3.00
5.00,3.84,73.05,3.00,9.00,4.00,1.00
6.00,0.26,65.44,8.00,8.00,5.00,3.00
5.00,2.73,57.02,8.00,3.00,9.00,1.00
4.00,1.04,49.45,9.00,8.00,9.00,2.00
7.00,2.95,82.99,2.00,7.00,1.00,2.00
1.00,3.45,51.47,4.00,7.00,2.00,2.00
7.00,0.75,82.85,9.00,6.00,5.00,2.00
1.00,1.58,68.21,8.00,5.00,8.00,3.00
3.00,3.16,44.92,7.00,3.00,4.00,1.00
2.00,0.65,74.56,2.00,8.00,2.00,3.00
5.00,3.38,50.74,2.00,4.00,9.00,2.00
1.00,3.92,38.52,6.00,5.00,4.00,2.00
2.00,3.89,57.55,7.00,2.00,4.00,1.00
6.00,1.68,62.70,7.00,4.00,3.00,3.00
5.00,3.83,51.53,5.00,9.00,3.00,3.00
4.00,2.96,41.67,8.00,4.00,3.00,3.00
2.00,1.54,78.88,1.00,3.00,3.00,3.00
1.00,3.05,48.84,6.00,4.00,4.00,3.00
6.00,3.14,73.67,3.00,2.00,5.00,3.00
2.00,3.51,46.60,8.00,7.00,8.00,1.00
4.00,2.41,68.35,6.00,4.00,1.00,1.00
6.00,1.82,40.50,8.00,7.00,2.00,2.00
9.00,3.09,42.32,8.00,1.00,4.00,3.00
8.00,2.92,73.18,9.00,8.00,6.00,3.00
8.00,0.34,54.15,5.00,2.00,6.00,1.00
1.00,0.22,49.21,4.00,3.00,7.00,1.00
9.00,3.24,81.85,4.00,2.00,1.00,1.00
6.00,1.79,78.39,9.00,3.00,6.00,1.00
7.00,3.52,38.54,1.00,2.00,3.00,3.00
2.00,2.29,70.49,6.00,4.00,3.00,3.00
2.00,3.47,52.79,9.00,1.00,7.00,2.00
7.00,1.43,50.14,2.00,3.00,9.00,2.00
3.00,1.87,43.92,1.00,2.00,7.00,1.00
5.00,2.26,65.06,7.00,5.00,7.00,1.00
4.00,1.65,57.66,4.00,5.00,5.00,3.00
3.00,1.34,75.34,6.00,2.00,2.00,2.00
2.00,3.55,48.94,8.00,3.00,1.00,2.00
5.00,3.88,70.63,9.00,3.00,2.00,3.00
8.00,1.15,81.47,4.00,1.00,6.00,1.00
2.00,0.44,70.04,2.00,4.00,7.00,3.00
7.00,3.12,65.27,5.00,8.00,1.00,1.00
3.00,3.64,68.20,6.00,3.00,9.00,3.00
2.00,0.84,54.61,9.00,9.00,9.00,2.00
7.00,2.43,56.02,1.00,2.00,9.00,2.00
5.00,1.69,76.05,8.00,6.00,2.00,3.00
1.00,0.36,37.81,3.00,5.00,6.00,1.00
1.00,3.72,73.83,5.00,6.00,4.00,3.00
4.00,3.97,79.87,6.00,4.00,2.00,3.00
7.00,2.94,59.53,6.00,2.00,3.00,2.00
6.00,2.29,62.81,2.00,9.00,9.00,1.00
8.00,1.44,57.11,8.00,1.00,4.00,3.00
8.00,2.72,60.85,8.00,7.00,1.00,1.00
5.00,1.72,56.06,8.00,4.00,5.00,1.00
1.00,1.95,82.17,7.00,7.00,7.00,1.00
6.00,1.48,63.52,2.00,6.00,9.00,1.00
5.00,3.30,64.63,2.00,2.00,7.00,3.00
5.00,2.75,70.57,6.00,8.00,7.00,2.00
2.00,3.81,66.99,1.00,2.00,2.00,3.00
1.00,1.37,50.45,4.00,9.00,1.00,2.00
5.00,1.18,38.83,9.00,6.00,5.00,1.00
3.00,2.54,53.91,2.00,7.00,8.00,1.00
2.00,2.93,79.28,6.00,5.00,3.00,1.00
2.00,0.53,81.75,5.00,4.00,8.00,1.00
5.00,2.09,62.78,3.00,7.00,2.00,1.00
4.00,2.04,70.48,3.00,6.00,8.00,1.00
6.00,2.00,73.81,1.00,8.00,4.00,2.00
1.00,3.29,40.32,3.00,2.00,4.00,2.00
8.00,0.54,69.31,3.00,9.00,2.00,1.00
8.00,0.85,40.14,2.00,7.00,6.00,3.00
7.00,2.06,74.03,2.00,3.00,6.00,1.00
3.00,3.47,79.44,8.00,7.00,7.00,3.00
2.00,3.89,71.68,4.00,7.00,2.00,1.00
8.00,1.01,80.70,1.00,7.00,5.00,2.00
5.00,3.21,77.54,4.00,5.00,9.00,2.00
6.00,1.40,56.85,7.00,8.00,1.00,2.00
9.00,3.62,38.48,9.00,4.00,2.00,2.00
4.00,3.23,74.02,7.00,8.00,4.00,2.00
5.00,2.75,70.99,8.00,3.00,2.00,1.00
8.00,2.64,80.56,9.00,4.00,2.00,2.00
6.00,2.79,49.71,4.00,6.00,7.00,3.00
9.00,2.17,42.47,6.00,7.00,3.00,1.00
6.00,1.62,58.90,4.00,2.00,5.00,3.00
1.00,2.37,67.58,2.00,5.00,1.00,3.00
8.00,1.28,51.04,2.00,9.00,6.00,2.00
5.00,0.19,67.67,7.00,9.00,5.00,1.00
1.00,3.86,41.87,5.00,2.00,9.00,3.00
2.00,2.35,77.67,1.00,4.00,4.00,3.00
4.00,1.76,45.10,8.00,5.00,9.00,2.00
5.00,0.44,46.01,7.00,1.00,1.00,3.00
4.00,1.41,73.04,1.00,6.00,6.00,3.00
5.00,2.21,83.62,7.00,4.00,5.00,1.00
1.00,3.24,80.83,2.00,1.00,1.00,1.00
2.00,1.35,75.47,1.00,3.00,1.00,3.00
1.00,2.19,80.01,7.00,1.00,1.00,1.00
8.00,2.02,81.86,3.00,8.00,7.00,3.00
4.00,2.14,77.56,4.00,1.00,1.00,1.00
8.00,3.60,50.55,9.00,6.00,8.00,2.00
5.00,1.44,45.26,5.00,8.00,9.00,1.00
3.00,0.38,83.29,5.00,6.00,7.00,1.00
6.00,3.94,47.30,9.00,1.00,1.00,3.00
7.00,1.75,55.95,1.00,7.00,8.00,1.00
2.00,0.94,59.61,2.00,7.00,3.00,3.00
2.00,2.88,70.80,8.00,8.00,1.00,1.00
1.00,3.40,73.66,9.00,3.00,8.00,3.00
3.00,0.21,81.43,4.00,4.00,3.00,2.00
3.00,1.07,79.65,4.00,6.00,8.00,3.00
8.00,1.41,54.55,8.00,3.00,6.00,3.00
9.00,3.41,82.32,5.00,9.00,8.00,3.00
4.00,3.49,80.84,7.00,5.00,6.00,1.00
2.00,0.36,67.07,6.00,2.00,8.00,3.00
6.00,2.36,77.07,9.00,7.00,9.00,2.00
3.00,2.56,59.59,7.00,6.00,2.00,3.00
8.00,2.24,36.17,9.00,9.00,6.00,1.00
4.00,3.54,62.09,7.00,1.00,5.00,2.00
1.00,3.74,38.62,6.00,8.00,6.00,3.00
6.00,3.30,74.69,7.00,9.00,9.00,1.00
3.00,2.36,78.57,3.00,5.00,5.00,1.00
6.00,2.73,44.79,5.00,5.00,5.00,2.00
7.00,1.74,45.32,1.00,4.00,7.00,2.00
6.00,1.00,78.23,1.00,1.00,4.00,3.00
7.00,2.83,73.35,5.00,3.00,3.00,1.00
6.00,3.43,47.74,2.00,1.00,4.00,2.00
2.00,0.10,81.56,2.00,9.00,5.00,2.00
2.00,0.99,58.34,3.00,8.00,9.00,3.00
8.00,3.75,76.33,1.00,9.00,2.00,3.00
5.00,0.20,67.16,6.00,3.00,6.00,3.00
8.00,1.34,63.62,1.00,9.00,3.00,2.00
8.00,3.51,62.91,3.00,9.00,7.00,3.00
6.00,0.31,55.85,1.00,4.00,8.00,2.00
6.00,1.89,37.21,4.00,2.00,4.00,2.00
5.00,0.92,64.88,8.00,9.00,4.00,2.00
4.00,2.24,45.71,7.00,9.00,7.00,2.00
1.00,2.79,83.28,7.00,7.00,3.00,2.00
5.00,1.05,60.61,7.00,9.00,4.00,2.00
2.00,1.41,71.23,2.00,9.00,7.00,2.00
7.00,0.73,63.40,7.00,2.00,6.00,2.00
2.00,0.05,56.39,5.00,7.00,1.00,3.00
7.00,0.64,79.41,5.00,6.00,1.00,3.00
6.00,0.09,41.79,3.00,9.00,2.00,3.00
1.00,3.13,75.84,2.00,5.00,1.00,2.00
2.00,3.37,39.48,1.00,1.00,9.00,3.00
6.00,3.58,54.34,7.00,3.00,9.00,1.00
3.00,1.37,36.12,7.00,1.00,8.00,3.00
2.00,1.03,80.52,7.00,5.00,8.00,3.00
1.00,1.72,56.95,5.00,4.00,7.00,3.00
7.00,0.06,82.97,2.00,2.00,7.00,2.00
9.00,0.73,36.69,3.00,4.00,8.00,1.00
7.00,3.72,50.77,9.00,5.00,9.00,1.00
2.00,0.03,67.48,8.00,5.00,4.00,2.00
9.00,2.88,56.92,9.00,8.00,5.00,3.00
3.00,2.99,47.66,3.00,4.00,7.00,3.00
1.00,2.27,79.92,4.00,7.00,4.00,3.00
1.00,2.53,50.76,5.00,4.00,1.00,1.00
5.00,2.36,44.66,8.00,7.00,8.00,3.00
5.00,3.50,68.94,8.00,2.00,8.00,3.00
1.00,3.85,74.16,6.00,5.00,6.00,3.00
8.00,0.94,63.09,9.00,4.00,7.00,3.00
1.00,0.62,79.75,3.00,1.00,5.00,3.00
6.00,1.57,50.09,2.00,2.00,3.00,1.00
9.00,1.16,50.39,4.00,8.00,2.00,3.00
1.00,2.40,69.61,1.00,2.00,9.00,1.00
7.00,3.36,59.21,6.00,2.00,4.00,1.00
7.00,3.80,44.20,4.00,5.00,6.00,3.00
6.00,2.27,58.68,6.00,2.00,2.00,2.00
1.00,1.92,38.01,9.00,6.00,6.00,2.00
7.00,0.74,71.83,4.00,8.00,3.00,3.00
4.00,2.65,82.35,1.00,1.00,4.00,3.00
1.00,3.28,64.06,3.00,7.00,6.00,2.00
7.00,1.70,78.20,9.00,4.00,5.00,1.00
5.00,2.04,44.44,7.00,7.00,2.00,3.00
5.00,3.43,38.88,6.00,3.00,1.00,1.00
4.00,2.99,71.02,8.00,9.00,5.00,3.00
1.00,1.29,37.43,8.00,6.00,4.00,3.00
5.00,3.52,53.64,2.00,1.00,2.00,1.00
7.00,3.07,73.53,5.00,6.00,9.00,2.00
4.00,3.32,39.87,9.00,7.00,7.00,1.00
6.00,3.56,39.35,2.00,3.00,8.00,2.00
2.00,2.15,75.41,5.00,1.00,8.00,2.00
7.00,3.42,79.89,9.00,4.00,9.00,2.00
7.00,0.83,37.00,2.00,8.00,8.00,1.00
3.00,2.82,47.68,6.00,3.00,3.00,2.00
6.00,1.03,61.66,8.00,1.00,1.00,3.00
1.00,0.73,71.60,2.00,7.00,7.00,1.00
9.00,3.72,48.60,7.00,1.00,8.00,3.00
4.00,3.44,66.72,8.00,6.00,7.00,2.00
8.00,3.32,42.20,6.00,9.00,4.00,3.00
7.00,2.68,55.38,2.00,5.00,1.00,1.00
6.00,3.09,54.25,9.00,2.00,2.00,1.00
2.00,2.19,77.60,3.00,6.00,5.00,2.00
8.00,2.18,58.55,6.00,9.00,7.00,1.00
3.00,0.48,61.64,4.00,1.00,5.00,3.00
2.00,2.62,38.01,4.00,3.00,9.00,1.00
5.00,3.44,49.44,9.00,3.00,8.00,1.00
1.00,2.67,60.30,3.00,7.00,6.00,3.00
4.00,1.18,72.25,9.00,3.00,6.00,1.00
9.00,2.29,43.33,3.00,2.00,2.00,1.00
4.00,0.17,43.00,4.00,7.00,7.00,1.00
8.00,3.30,45.78,2.00,4.00,5.00,3.00
5.00,0.96,48.82,8.00,3.00,6.00,3.00
7.00,2.57,82.85,8.00,3.00,5.00,2.00
1.00,0.03,75.62,3.00,8.00,9.00,1.00
1.00,1.55,63.84,2.00,7.00,3.00,2.00
3.00,1.46,79.22,3.00,9.00,9.00,2.00
2.00,1.98,46.44,2.00,6.00,2.00,1.00
1.00,1.09,75.53,8.00,6.00,6.00,1.00
1.00,3.33,70.73,3.00,1.00,7.00,2.00
4.00,2.19,37.22,8.00,4.00,3.00,1.00
7.00,1.85,73.67,2.00,5.00,6.00,3.00
8.00,1.53,43.60,2.00,4.00,7.00,2.00
8.00,0.17,47.79,9.00,2.00,2.00,2.00
9.00,2.89,69.11,8.00,7.00,9.00,3.00
3.00,2.67,74.02,9.00,6.00,8.00,3.00
1.00,2.32,62.43,6.00,8.00,5.00,1.00
3.00,0.87,40.26,3.00,1.00,8.00,1.00
2.00,2.30,44.66,6.00,7.00,4.00,1.00
9.00,0.18,68.54,2.00,7.00,3.00,3.00
1.00,1.44,65.96,6.00,8.00,9.00,2.00
3.00,3.30,41.62,7.00,3.00,5.00,1.00
8.00,1.76,73.01,9.00,7.00,2.00,2.00
2.00,0.51,74.52,4.00,6.00,5.00,3.00
8.00,1.91,44.31,7.00,8.00,2.00,2.00
8.00,1.64,77.60,9.00,7.00,2.00,3.00
6.00,1.45,67.49,4.00,8.00,7.00,1.00
6.00,2.67,59.35,6.00,5.00,5.00,1.00
4.00,0.53,38.41,6.00,8.00,7.00,1.00
8.00,2.72,37.45,7.00,9.00,2.00,1.00
1.00,0.81,67.61,4.00,6.00,2.00,2.00
9.00,0.95,63.29,9.00,6.00,6.00,3.00
8.00,1.64,38.61,4.00,7.00,3.00,2.00
5.00,2.24,44.41,4.00,9.00,7.00,1.00
8.00,2.20,48.84,7.00,6.00,5.00,3.00
3.00,2.64,53.18,9.00,3.00,1.00,3.00
5.00,1.81,62.02,5.00,1.00,7.00,2.00
5.00,3.79,52.78,6.00,5.00,5.00,1.00
2.00,3.73,82.96,3.00,3.00,8.00,1.00
6.00,2.41,49.76,9.00,7.00,1.00,2.00
4.00,2.42,65.67,1.00,3.00,8.00,2.00
8.00,2.69,38.65,6.00,2.00,8.00,1.00
6.00,3.64,43.50,8.00,3.00,9.00,1.00
2.00,2.50,69.01,3.00,1.00,3.00,1.00
8.00,3.28,39.46,6.00,5.00,8.00,1.00
2.00,2.72,46.78,2.00,9.00,9.00,1.00
1.00,1.14,52.13,1.00,2.00,7.00,2.00
4.00,0.68,51.95,9.00,7.00,1.00,2.00
3.00,2.93,50.15,5.00,2.00,3.00,1.00
5.00,2.79,44.16,3.00,7.00,7.00,3.00
2.00,1.71,45.84,6.00,1.00,8.00,3.00
8.00,3.71,49.27,9.00,4.00,6.00,2.00
7.00,0.39,64.67,6.00,9.00,5.00,2.00
3.00,0.85,41.20,7.00,3.00,5.00,3.00
6.00,3.64,61.01,4.00,4.00,3.00,2.00
9.00,3.11,57.48,6.00,3.00,1.00,3.00
1.00,0.92,72.90,9.00,1.00,9.00,2.00
2.00,3.85,74.55,4.00,9.00,7.00,1.00
7.00,2.99,79.86,8.00,9.00,1.00,1.00
6.00,0.48,46.83,7.00,7.00,1.00,2.00
6.00,1.04,63.59,8.00,2.00,5.00,2.00
5.00,0.60,64.51,2.00,1.00,2.00,1.00
6.00,3.10,55.55,2.00,4.00,1.00,1.00
6.00,0.02,47.43,2.00,6.00,6.00,1.00
8.00,1.89,41.66,2.00,3.00,4.00,3.00
6.00,0.97,74.35,3.00,2.00,1.00,1.00
7.00,3.78,68.26,1.00,5.00,5.00,1.00
3.00,3.70,44.58,4.00,6.00,1.00,3.00
5.00,0.74,59.61,3.00,8.00,9.00,2.00
3.00,2.45,74.98,9.00,8.00,5.00,3.00
9.00,1.31,62.13,5.00,8.00,7.00,2.00
3.00,0.69,43.33,5.00,2.00,2.00,3.00
4.00,0.01,69.87,4.00,2.00,2.00,3.00
3.00,3.86,49.88,7.00,1.00,6.00,1.00
5.00,1.15,48.85,4.00,8.00,3.00,3.00
1.00,1.47,46.92,6.00,8.00,5.00,1.00
6.00,0.83,62.01,9.00,7.00,7.00,3.00
3.00,2.08,52.67,5.00,3.00,3.00,1.00
5.00,2.58,68.36,9.00,3.00,8.00,3.00
4.00,2.18,65.58,7.00,3.00,6.00,3.00
8.00,2.86,62.39,5.00,7.00,9.00,2.00
8.00,0.59,69.01,2.00,6.00,8.00,3.00
9.00,2.24,42.90,1.00,2.00,6.00,3.00
5.00,3.95,74.03,5.00,3.00,7.00,1.00
6.00,0.46,40.48,2.00,4.00,9.00,3.00
3.00,0.89,72.99,7.00,1.00,2.00,3.00
7.00,2.48,48.31,5.00,6.00,4.00,1.00
4.00,1.20,54.41,2.00,3.00,4.00,1.00
3.00,2.58,60.09,8.00,4.00,9.00,2.00
1.00,1.58,59.59,6.00,7.00,9.00,2.00
6.00,3.06,42.49,5.00,1.00,4.00,3.00
4.00,2.11,44.09,7.00,9.00,7.00,2.00
6.00,0.62,49.45,5.00,6.00,4.00,2.00
4.00,0.74,67.56,2.00,2.00,9.00,3.00
6.00,1.00,41.76,4.00,5.00,8.00,3.00
1.00,3.00,60.23,2.00,5.00,6.00,3.00
8.00,3.10,48.38,5.00,1.00,6.00,2.00
6.00,3.62,66.62,3.00,4.00,7.00,2.00
9.00,3.16,79.84,7.00,3.00,6.00,3.00
2.00,3.88,55.39,8.00,1.00,3.00,3.00
1.00,0.47,52.17,3.00,6.00,7.00,1.00
7.00,0.45,37.72,6.00,9.00,3.00,2.00
5.00,2.76,74.90,7.00,7.00,7.00,3.00
5.00,2.64,40.48,9.00,5.00,4.00,2.00
5.00,2.08,45.66,1.00,8.00,6.00,2.00
8.00,0.68,62.09,2.00,5.00,1.00,3.00
9.00,2.91,76.61,4.00,3.00,2.00,3.00
1.00,0.07,76.45,7.00,3.00,4.00,3.00
8.00,3.46,59.54,3.00,6.00,3.00,1.00
7.00,0.96,77.26,8.00,3.00,3.00,1.00
9.00,0.18,82.72,5.00,1.00,4.00,1.00
4.00,1.63,77.76,2.00,5.00,8.00,2.00
2.00,3.11,51.92,7.00,9.00,9.00,3.00
4.00,0.49,76.15,2.00,6.00,1.00,1.00
1.00,1.61,39.22,6.00,1.00,1.00,3.00
5.00,3.74,48.28,4.00,3.00,1.00,2.00
3.00,1.22,45.75,5.00,8.00,7.00,1.00
9.00,3.17,36.48,6.00,2.00,5.00,1.00
3.00,3.53,83.78,2.00,9.00,7.00,1.00
3.00,3.12,41.07,1.00,4.00,3.00,2.00
2.00,2.80,43.90,2.00,8.00,1.00,2.00
5.00,2.91,48.51,8.00,4.00,9.00,3.00
5.00,0.99,82.23,5.00,1.00,6.00,2.00
5.00,2.26,69.71,6.00,2.00,3.00,2.00
4.00,1.58,62.43,9.00,7.00,1.00,2.00
1.00,0.86,59.23,7.00,7.00,2.00,2.00
8.00,1.38,81.98,6.00,5.00,4.00,1.00
5.00,2.97,44.94,4.00,8.00,1.00,2.00
6.00,1.88,54.95,7.00,7.00,7.00,2.00
1.00,3.80,56.04,2.00,6.00,7.00,3.00
3.00,2.47,49.15,8.00,1.00,4.00,1.00
8.00,1.64,72.49,9.00,2.00,8.00,1.00
3.00,2.39,66.16,4.00,3.00,2.00,2.00
1.00,1.70,57.22,4.00,5.00,4.00,3.00
5.00,0.20,51.81,9.00,2.00,8.00,1.00
3.00,3.07,78.47,5.00,5.00,1.00,1.00
4.00,2.89,41.31,3.00,5.00,3.00,1.00
9.00,2.68,69.36,2.00,3.00,9.00,1.00
7.00,2.08,66.72,6.00,1.00,4.00,3.00
4.00,3.69,39.53,3.00,6.00,3.00,3.00
3.00,0.59,77.43,1.00,5.00,7.00,3.00
5.00,2.57,69.52,2.00,3.00,2.00,1.00
4.00,2.74,74.19,1.00,9.00,3.00,2.00
9.00,1.88,66.00,9.00,5.00,8.00,1.00
2.00,2.74,80.63,1.00,9.00,5.00,2.00
8.00,0.06,62.21,2.00,9.00,8.00,1.00
7.00,2.13,77.89,8.00,1.00,6.00,1.00
9.00,0.85,52.19,3.00,8.00,8.00,2.00
1.00,2.76,54.26,1.00,9.00,6.00,3.00
8.00,3.59,41.26,4.00,4.00,7.00,3.00
2.00,1.52,43.99,7.00,2.00,3.00,1.00
7.00,3.70,64.22,2.00,8.00,8.00,2.00
2.00,1.81,64.04,6.00,7.00,6.00,3.00
9.00,3.87,47.53,7.00,8.00,6.00,2.00
2.00,3.64,63.19,8.00,5.00,9.00,2.00
3.00,3.48,45.69,1.00,9.00,6.00,1.00
6.00,2.78,70.15,2.00,9.00,3.00,2.00
4.00,1.16,59.36,2.00,8.00,8.00,2.00
3.00,0.56,43.85,8.00,9.00,4.00,2.00
7.00,3.39,57.67,5.00,2.00,8.00,1.00
9.00,3.93,67.61,2.00,6.00,5.00,3.00
9.00,1.51,59.93,8.00,2.00,6.00,2.00
6.00,3.00,79.48,6.00,4.00,1.00,2.00
6.00,0.40,47.40,5.00,7.00,7.00,1.00
8.00,1.96,65.31,1.00,5.00,7.00,2.00
7.00,1.82,43.49,2.00,7.00,7.00,3.00
1.00,0.83,54.05,1.00,5.00,3.00,2.00
5.00,3.27,61.80,3.00,5.00,3.00,1.00
4.00,2.28,67.40,9.00,7.00,8.00,3.00
7.00,1.77,83.17,3.00,7.00,8.00,3.00
8.00,2.54,54.15,3.00,4.00,6.00,2.00
3.00,3.78,43.43,4.00,6.00,6.00,2.00
1.00,1.94,56.69,3.00,5.00,6.00,3.00
5.00,3.86,62.35,4.00,1.00,4.00,3.00
6.00,1.21,56.23,5.00,3.00,5.00,1.00
6.00,3.22,70.72,4.00,6.00,9.00,3.00
4.00,3.96,73.80,6.00,6.00,6.00,2.00
4.00,0.35,63.27,4.00,1.00,3.00,1.00
9.00,3.43,65.85,9.00,2.00,1.00,1.00
6.00,0.12,40.24,7.00,1.00,3.00,1.00
5.00,1.84,72.28,9.00,5.00,7.00,1.00
9.00,3.13,36.40,4.00,9.00,1.00,2.00
1.00,0.06,59.64,9.00,1.00,3.00,2.00
3.00,2.64,69.43,8.00,9.00,1.00,3.00
2.00,1.33,55.67,7.00,3.00,2.00,2.00
7.00,1.46,75.41,7.00,1.00,1.00,3.00
3.00,2.07,66.89,2.00,4.00,4.00,3.00
3.00,3.86,57.18,2.00,6.00,3.00,1.00
7.00,1.69,83.29,9.00,9.00,9.00,1.00
9.00,3.67,81.64,6.00,4.00,9.00,1.00
4.00,3.82,50.34,3.00,9.00,4.00,2.00
9.00,3.04,83.61,4.00,5.00,4.00,2.00
2.00,0.34,50.93,9.00,2.00,2.00,1.00
1.00,0.80,55.01,4.00,6.00,4.00,1.00
9.00,1.80,78.71,8.00,1.00,4.00,3.00
6.00,1.04,66.08,7.00,6.00,4.00,1.00
4.00,3.39,75.83,4.00,8.00,5.00,1.00
8.00,0.54,53.01,6.00,7.00,9.00,1.00
6.00,0.42,60.30,3.00,9.00,4.00,3.00
7.00,1.87,39.21,2.00,7.00,6.00,3.00
1.00,2.56,37.31,3.00,1.00,2.00,3.00
7.00,0.61,62.94,4.00,9.00,7.00,3.00
3.00,2.60,75.91,3.00,1.00,4.00,3.00
2.00,1.98,41.42,9.00,6.00,8.00,2.00
9.00,2.73,43.31,1.00,7.00,7.00,2.00
8.00,1.47,79.71,8.00,8.00,9.00,3.00
5.00,3.89,59.78,5.00,4.00,1.00,3.00
9.00,0.03,67.69,6.00,5.00,9.00,3.00
7.00,3.05,38.76,5.00,7.00,6.00,2.00
4.00,0.51,71.66,7.00,3.00,7.00,3.00
7.00,0.61,47.27,2.00,7.00,8.00,2.00
6.00,2.08,65.02,5.00,7.00,7.00,3.00
1.00,3.63,48.31,7.00,3.00,4.00,2.00
7.00,3.84,37.52,7.00,1.00,1.00,2.00
2.00,1.19,71.51,6.00,4.00,7.00,1.00
4.00,0.80,40.20,1.00,1.00,4.00,2.00
2.00,3.18,51.55,4.00,4.00,8.00,1.00
6.00,3.16,51.56,5.00,4.00,6.00,2.00
7.00,1.32,50.82,6.00,6.00,7.00,2.00
6.00,0.67,62.28,6.00,6.00,8.00,1.00
7.00,3.95,58.95,3.00,5.00,4.00,2.00
8.00,0.21,80.38,3.00,8.00,5.00,1.00
7.00,0.77,79.71,8.00,3.00,5.00,3.00
3.00,0.12,68.21,6.00,6.00,9.00,3.00
4.00,3.33,82.88,9.00,6.00,6.00,1.00
1.00,3.88,75.49,5.00,8.00,5.00,3.00
4.00,1.88,70.11,8.00,1.00,1.00,1.00
9.00,1.55,47.06,1.00,8.00,1.00,3.00
1.00,0.79,56.84,9.00,4.00,9.00,1.00
6.00,2.91,56.37,1.00,5.00,5.00,2.00
7.00,1.50,73.45,2.00,1.00,8.00,3.00
2.00,0.53,55.53,8.00,7.00,4.00,1.00
9.00,2.44,83.13,2.00,2.00,3.00,3.00
4.00,3.69,46.19,8.00,1.00,3.00,2.00
8.00,2.49,80.82,8.00,8.00,8.00,1.00
8.00,1.22,55.20,5.00,3.00,3.00,1.00
2.00,3.79,43.17,1.00,8.00,1.00,3.00
4.00,0.57,83.19,7.00,5.00,4.00,1.00
7.00,0.15,58.50,3.00,5.00,5.00,1.00
1.00,2.01,59.06,1.00,7.00,7.00,2.00
6.00,1.03,54.51,7.00,5.00,5.00,3.00
6.00,3.93,69.09,6.00,4.00,4.00,3.00
4.00,1.37,43.20,1.00,2.00,1.00,1.00
8.00,2.33,42.65,2.00,3.00,3.00,3.00
8.00,0.55,65.95,9.00,7.00,8.00,1.00
3.00,2.86,38.19,9.00,7.00,9.00,1.00
3.00,0.17,45.22,2.00,1.00,1.00,1.00
4.00,2.70,53.65,8.00,3.00,2.00,3.00
2.00,2.14,71.62,2.00,6.00,9.00,3.00
5.00,3.68,72.68,3.00,4.00,7.00,1.00
1.00,3.50,57.06,8.00,6.00,4.00,1.00
8.00,3.03,57.22,5.00,6.00,4.00,2.00
2.00,1.69,40.92,2.00,2.00,9.00,1.00
1.00,2.08,41.98,8.00,2.00,6.00,2.00
3.00,1.17,66.49,9.00,8.00,4.00,3.00
7.00,3.75,45.70,1.00,9.00,6.00,2.00
9.00,2.88,51.50,6.00,9.00,8.00,1.00
9.00,3.96,60.66,7.00,5.00,6.00,1.00
6.00,3.81,54.95,4.00,1.00,4.00,1.00
9.00,3.56,49.08,4.00,6.00,5.00,2.00
9.00,1.66,62.88,4.00,2.00,3.00,2.00
9.00,2.89,82.81,7.00,8.00,8.00,1.00
9.00,2.15,64.05,9.00,8.00,9.00,3.00
8.00,0.14,73.40,2.00,8.00,3.00,2.00
1.00,0.71,68.95,5.00,9.00,4.00,3.00
5.00,2.12,50.28,2.00,4.00,1.00,2.00
5.00,2.76,43.74,1.00,4.00,7.00,2.00
8.00,2.92,41.63,2.00,5.00,8.00,2.00
8.00,2.59,37.83,5.00,3.00,3.00,2.00
4.00,2.45,79.58,7.00,6.00,2.00,1.00
9.00,0.15,51.00,8.00,9.00,7.00,2.00
2.00,2.28,46.22,7.00,5.00,1.00,3.00
8.00,0.55,74.78,7.00,7.00,6.00,2.00
7.00,0.56,54.60,3.00,4.00,9.00,3.00
5.00,3.94,66.32,2.00,4.00,4.00,3.00
5.00,2.39,55.05,4.00,8.00,8.00,1.00
6.00,1.43,69.33,5.00,8.00,4.00,3.00
7.00,2.81,50.21,1.00,6.00,1.00,2.00
5.00,2.86,36.17,7.00,5.00,3.00,3.00
8.00,1.86,82.23,7.00,8.00,2.00,3.00
2.00,1.76,45.47,3.00,4.00,3.00,2.00
4.00,0.17,51.23,8.00,4.00,8.00,3.00
8.00,2.42,54.14,8.00,2.00,8.00,2.00
7.00,3.02,70.52,8.00,6.00,9.00,3.00
7.00,1.88,72.62,5.00,9.00,5.00,2.00
9.00,1.64,45.05,7.00,4.00,1.00,1.00
8.00,2.38,69.50,1.00,5.00,1.00,3.00
6.00,2.14,51.22,8.00,9.00,4.00,1.00
8.00,2.79,76.64,2.00,9.00,1.00,2.00
4.00,0.28,55.24,3.00,9.00,5.00,2.00
5.00,0.13,63.76,2.00,8.00,6.00,3.00
1.00,2.24,48.79,5.00,6.00,7.00,1.00
1.00,1.35,61.86,7.00,6.00,2.00,1.00
3.00,0.26,66.75,1.00,7.00,2.00,1.00
3.00,2.01,55.36,9.00,4.00,5.00,3.00
9.00,2.37,81.85,1.00,2.00,5.00,2.00
8.00,0.74,64.54,7.00,1.00,2.00,2.00
8.00,2.29,44.50,1.00,1.00,6.00,1.00
7.00,3.78,37.97,3.00,8.00,1.00,3.00
5.00,1.97,58.57,8.00,8.00,3.00,2.00
8.00,1.32,67.05,3.00,2.00,6.00,1.00
4.00,0.92,60.01,3.00,4.00,3.00,2.00
2.00,0.64,72.66,9.00,8.00,8.00,3.00
5.00,0.68,76.51,7.00,8.00,8.00,3.00
1.00,0.57,45.92,3.00,8.00,3.00,2.00
3.00,3.66,78.44,3.00,9.00,2.00,2.00
5.00,0.69,36.01,5.00,9.00,2.00,1.00
6.00,3.41,49.15,7.00,7.00,2.00,3.00
7.00,1.27,47.55,6.00,9.00,1.00,2.00
5.00,2.06,68.49,7.00,5.00,4.00,2.00
2.00,2.59,76.95,4.00,7.00,5.00,1.00
9.00,3.27,36.82,2.00,1.00,1.00,2.00
1.00,2.99,69.58,5.00,5.00,7.00,3.00
2.00,2.60,65.23,2.00,8.00,8.00,1.00
7.00,0.44,44.16,6.00,7.00,6.00,1.00
7.00,0.36,50.10,7.00,2.00,7.00,1.00
2.00,0.45,46.24,4.00,1.00,8.00,2.00
1.00,1.62,81.43,4.00,7.00,2.00,1.00
6.00,1.83,78.67,7.00,4.00,2.00,2.00
6.00,1.06,50.50,2.00,8.00,9.00,3.00
2.00,2.18,55.68,7.00,5.00,8.00,3.00
5.00,0.48,40.23,9.00,4.00,3.00,1.00
4.00,3.05,70.08,6.00,2.00,8.00,1.00
9.00,2.52,49.47,8.00,8.00,3.00,2.00
4.00,2.75,46.26,9.00,3.00,7.00,3.00
8.00,2.17,78.38,3.00,1.00,9.00,2.00
5.00,1.20,55.55,9.00,6.00,5.00,3.00
7.00,2.59,78.45,9.00,3.00,4.00,2.00
6.00,2.59,46.59,8.00,1.00,4.00,3.00
2.00,0.02,42.18,3.00,6.00,2.00,1.00
8.00,1.46,54.86,3.00,3.00,5.00,1.00
7.00,3.02,37.13,9.00,7.00,4.00,3.00
2.00,3.93,81.22,7.00,6.00,3.00,1.00
9.00,3.58,43.85,3.00,9.00,6.00,1.00
2.00,2.24,75.11,4.00,5.00,7.00,1.00
5.00,0.29,60.60,1.00,6.00,2.00,1.00
7.00,0.58,51.43,3.00,1.00,2.00,1.00
4.00,2.61,52.61,8.00,7.00,1.00,1.00
1.00,3.97,74.67,4.00,4.00,8.00,2.00
7.00,2.57,60.33,3.00,2.00,2.00,2.00
1.00,2.59,48.55,4.00,5.00,8.00,2.00
3.00,2.03,72.29,7.00,1.00,8.00,1.00
4.00,1.14,74.58,7.00,2.00,8.00,3.00
6.00,1.18,41.83,8.00,3.00,2.00,1.00
6.00,0.86,55.06,8.00,2.00,5.00,1.00
5.00,0.15,81.74,8.00,2.00,7.00,3.00
4.00,2.99,45.02,2.00,3.00,6.00,2.00
6.00,0.17,69.81,1.00,9.00,4.00,1.00
4.00,2.51,45.11,7.00,4.00,6.00,1.00
2.00,3.00,75.69,5.00,2.00,7.00,3.00
7.00,0.59,63.21,3.00,4.00,2.00,1.00
3.00,0.35,77.90,3.00,6.00,6.00,1.00
4.00,2.83,49.40,5.00,3.00,8.00,2.00
3.00,1.33,64.77,5.00,4.00,7.00,2.00
7.00,1.50,70.46,8.00,8.00,9.00,3.00
3.00,1.28,57.99,5.00,6.00,6.00,1.00
5.00,0.60,67.99,4.00,5.00,3.00,3.00
4.00,3.70,59.84,2.00,6.00,9.00,2.00
8.00,2.61,74.04,9.00,4.00,8.00,2.00
3.00,0.34,70.66,3.00,7.00,8.00,1.00
5.00,0.80,62.63,7.00,7.00,3.00,2.00
2.00,2.91,47.23,8.00,9.00,9.00,2.00
7.00,0.29,48.94,9.00,3.00,9.00,3.00
6.00,0.50,46.87,8.00,4.00,1.00,3.00
4.00,2.35,47.25,5.00,3.00,5.00,2.00
2.00,0.02,49.18,8.00,6.00,9.00,2.00
1.00,3.81,61.35,8.00,7.00,9.00,2.00
8.00,3.93,65.73,5.00,1.00,3.00,3.00
9.00,3.07,64.04,6.00,2.00,4.00,3.00
3.00,3.76,43.06,7.00,6.00,5.00,1.00
5.00,0.56,76.06,2.00,8.00,2.00,2.00
1.00,0.57,69.53,3.00,3.00,9.00,1.00
1.00,3.88,83.05,5.00,7.00,9.00,3.00
8.00,0.23,58.08,6.00,3.00,9.00,2.00
4.00,2.66,52.66,4.00,9.00,6.00,2.00
4.00,3.23,80.92,9.00,4.00,9.00,3.00
3.00,3.68,78.77,3.00,9.00,4.00,1.00
4.00,2.86,41.84,3.00,1.00,5.00,1.00
6.00,3.23,53.66,9.00,9.00,9.00,3.00
8.00,3.00,69.20,5.00,6.00,5.00,2.00
2.00,0.84,55.83,1.00,6.00,3.00,3.00
8.00,0.53,42.92,6.00,1.00,5.00,3.00
3.00,3.18,66.67,8.00,3.00,8.00,1.00
9.00,2.93,72.27,3.00,7.00,1.00,3.00
9.00,0.48,47.27,5.00,2.00,3.00,2.00
2.00,2.33,39.95,1.00,9.00,7.00,1.00
6.00,2.84,49.82,8.00,8.00,7.00,1.00
7.00,0.31,78.16,2.00,5.00,4.00,3.00
5.00,1.12,73.90,8.00,6.00,6.00,3.00
3.00,1.24,78.92,9.00,7.00,5.00,1.00
3.00,3.04,43.63,5.00,8.00,8.00,2.00
4.00,3.42,43.97,8.00,4.00,7.00,1.00
8.00,0.74,39.57,8.00,5.00,9.00,3.00
2.00,1.07,61.42,4.00,1.00,1.00,1.00
4.00,2.51,36.22,2.00,3.00,1.00,2.00
3.00,1.18,71.03,7.00,1.00,3.00,1.00
3.00,3.35,66.04,3.00,8.00,7.00,3.00
6.00,2.60,50.20,8.00,3.00,1.00,2.00
8.00,1.48,38.86,2.00,6.00,9.00,1.00
4.00,2.79,51.73,1.00,8.00,5.00,3.00
6.00,1.37,79.56,2.00,1.00,4.00,2.00
5.00,3.28,54.10,4.00,6.00,8.00,3.00
8.00,1.42,82.66,2.00,2.00,8.00,3.00
5.00,2.28,70.77,7.00,3.00,2.00,1.00
6.00,2.24,46.57,4.00,7.00,4.00,3.00
8.00,0.16,44.70,8.00,4.00,2.00,1.00
1.00,2.16,47.46,1.00,9.00,2.00,2.00
7.00,1.13,55.05,7.00,9.00,2.00,1.00
3.00,2.83,51.10,9.00,1.00,8.00,2.00
4.00,0.96,45.76,8.00,1.00,3.00,3.00
4.00,2.09,73.46,7.00,2.00,3.00,2.00
5.00,2.17,67.36,9.00,4.00,7.00,2.00
6.00,2.48,51.63,2.00,2.00,8.00,2.00
2.00,0.90,74.95,8.00,2.00,1.00,1.00
4.00,0.95,40.99,6.00,4.00,5.00,1.00
6.00,3.70,50.75,5.00,7.00,7.00,1.00
2.00,3.22,67.79,9.00,8.00,8.00,3.00
6.00,0.50,41.18,3.00,6.00,5.00,3.00
1.00,3.56,81.43,6.00,9.00,4.00,2.00
3.00,0.67,58.85,9.00,3.00,9.00,3.00
3.00,2.66,73.48,4.00,9.00,5.00,3.00
6.00,1.03,40.10,8.00,3.00,2.00,1.00
5.00,1.94,47.61,2.00,3.00,2.00,3.00
3.00,3.80,54.29,5.00,9.00,2.00,1.00
2.00,1.36,67.79,1.00,3.00,2.00,3.00
2.00,2.96,55.06,3.00,4.00,4.00,2.00
2.00,2.23,48.90,6.00,8.00,2.00,3.00
1.00,2.23,39.69,1.00,3.00,8.00,3.00
7.00,3.62,60.25,9.00,6.00,8.00,2.00
6.00,1.28,69.12,3.00,2.00,2.00,1.00
6.00,3.87,45.98,8.00,5.00,9.00,2.00
2.00,3.95,80.64,9.00,6.00,9.00,1.00
3.00,2.62,52.86,5.00,1.00,4.00,2.00
5.00,2.40,50.64,6.00,4.00,4.00,3.00
4.00,3.18,44.29,7.00,6.00,5.00,1.00
3.00,0.93,46.26,8.00,6.00,2.00,2.00
5.00,0.43,43.90,1.00,6.00,2.00,3.00
4.00,2.28,75.99,3.00,3.00,5.00,2.00
6.00,2.84,58.40,9.00,7.00,3.00,3.00
8.00,1.28,47.49,7.00,2.00,3.00,3.00
3.00,3.47,58.18,2.00,2.00,9.00,3.00
1.00,3.74,61.01,6.00,5.00,3.00,1.00
4.00,0.84,53.72,1.00,2.00,7.00,1.00
9.00,2.48,65.98,4.00,8.00,1.00,2.00
1.00,0.18,57.89,9.00,1.00,6.00,3.00
5.00,3.60,44.31,7.00,5.00,2.00,1.00
5.00,2.80,46.22,2.00,7.00,2.00,2.00
2.00,1.02,42.54,1.00,6.00,1.00,3.00
3.00,3.71,69.36,4.00,4.00,5.00,1.00
2.00,0.45,71.62,7.00,3.00,2.00,3.00
9.00,3.33,52.71,1.00,7.00,2.00,1.00
8.00,2.63,61.43,3.00,9.00,9.00,3.00
8.00,0.93,56.17,2.00,2.00,1.00,3.00
1.00,0.94,44.57,6.00,4.00,9.00,3.00
3.00,0.50,39.06,3.00,4.00,6.00,3.00
7.00,3.45,38.49,2.00,2.00,1.00,3.00
9.00,0.85,82.25,7.00,5.00,2.00,3.00
7.00,3.88,58.00,9.00,6.00,5.00,1.00
8.00,1.49,79.00,2.00,8.00,6.00,2.00
4.00,0.30,63.72,5.00,8.00,7.00,3.00
7.00,3.23,56.54,5.00,3.00,6.00,1.00
8.00,2.50,51.42,1.00,9.00,2.00,1.00
1.00,2.20,63.13,2.00,9.00,1.00,2.00
1.00,2.24,46.24,6.00,3.00,8.00,1.00
5.00,0.64,56.57,5.00,9.00,8.00,1.00
3.00,1.51,80.78,9.00,9.00,6.00,2.00
3.00,1.70,70.22,2.00,7.00,2.00,2.00
9.00,0.87,55.76,3.00,8.00,5.00,1.00
6.00,3.24,71.10,1.00,6.00,1.00,2.00
4.00,0.16,83.85,7.00,2.00,6.00,1.00
1.00,1.28,45.74,7.00,2.00,9.00,2.00
5.00,0.30,37.89,6.00,6.00,6.00,1.00
6.00,1.82,83.23,5.00,5.00,1.00,2.00
2.00,3.56,53.18,6.00,5.00,3.00,2.00
8.00,3.99,75.32,2.00,6.00,6.00,1.00
9.00,2.95,45.06,4.00,3.00,9.00,3.00
9.00,2.35,62.94,2.00,2.00,1.00,3.00
9.00,2.52,40.55,9.00,5.00,8.00,1.00
9.00,2.69,82.25,1.00,4.00,9.00,2.00
1.00,0.76,53.10,6.00,9.00,3.00,3.00
4.00,2.73,55.43,1.00,6.00,8.00,2.00
7.00,0.10,51.98,8.00,8.00,1.00,1.00
1.00,2.35,48.49,1.00,1.00,4.00,1.00
2.00,1.17,59.90,2.00,7.00,3.00,3.00
3.00,3.34,73.65,1.00,8.00,4.00,1.00
3.00,1.14,75.28,9.00,3.00,1.00,2.00
7.00,1.16,56.20,4.00,8.00,2.00,3.00
8.00,0.11,52.41,6.00,6.00,9.00,3.00
4.00,1.95,61.52,5.00,5.00,8.00,1.00
8.00,2.22,41.83,4.00,9.00,4.00,3.00
7.00,3.64,52.00,2.00,6.00,7.00,2.00
8.00,2.84,81.30,5.00,3.00,2.00,2.00
8.00,3.85,64.26,2.00,5.00,2.00,1.00
1.00,2.51,53.09,5.00,5.00,5.00,1.00
8.00,2.80,83.43,4.00,4.00,5.00,3.00
5.00,3.20,82.43,9.00,7.00,2.00,3.00
6.00,2.31,68.27,9.00,7.00,9.00,2.00
1.00,3.14,57.67,8.00,7.00,5.00,1.00
3.00,3.76,54.21,5.00,4.00,6.00,3.00
4.00,2.30,83.52,1.00,3.00,5.00,1.00
1.00,0.20,68.96,4.00,3.00,5.00,2.00
9.00,1.49,80.16,3.00,9.00,9.00,1.00
4.00,2.25,51.58,4.00,9.00,2.00,1.00
4.00,2.20,63.54,5.00,8.00,6.00,1.00
7.00,0.97,79.14,7.00,6.00,5.00,1.00
4.00,0.79,78.68,9.00,5.00,4.00,3.00
8.00,2.83,36.24,5.00,2.00,2.00,1.00
8.00,1.88,69.55,6.00,6.00,3.00,1.00
4.00,3.55,70.11,1.00,4.00,1.00,1.00
9.00,0.34,52.53,4.00,3.00,4.00,3.00
7.00,3.74,78.38,5.00,9.00,3.00,1.00
9.00,3.84,39.23,6.00,8.00,7.00,3.00
2.00,1.06,55.54,2.00,7.00,8.00,1.00
7.00,2.48,40.99,1.00,9.00,4.00,3.00
3.00,2.66,57.13,9.00,8.00,6.00,3.00
9.00,2.99,38.87,6.00,2.00,8.00,3.00
8.00,3.44,52.04,8.00,4.00,3.00,3.00
8.00,2.70,67.78,4.00,3.00,6.00,3.00
2.00,2.33,82.27,7.00,5.00,6.00,2.00
8.00,3.44,69.20,5.00,7.00,9.00,3.00
8.00,0.33,47.87,2.00,3.00,8.00,1.00
6.00,1.08,58.77,9.00,6.00,3.00,2.00
2.00,2.89,61.29,7.00,6.00,9.00,3.00
1.00,0.53,64.84,2.00,9.00,7.00,3.00
8.00,3.85,63.63,6.00,5.00,1.00,3.00
1.00,1.67,42.40,1.00,6.00,4.00,1.00
7.00,2.04,83.65,1.00,4.00,7.00,2.00
9.00,1.88,52.59,7.00,2.00,4.00,1.00
7.00,1.78,61.84,4.00,1.00,3.00,1.00
2.00,2.23,39.71,4.00,4.00,1.00,3.00
1.00,2.94,58.42,9.00,9.00,8.00,1.00
7.00,3.48,61.42,6.00,8.00,3.00,3.00
1.00,1.54,72.88,8.00,8.00,2.00,1.00
7.00,1.65,75.51,9.00,8.00,7.00,3.00
9.00,3.93,62.94,2.00,5.00,4.00,1.00
1.00,0.68,69.53,4.00,2.00,8.00,3.00
9.00,3.94,82.37,4.00,7.00,3.00,1.00
7.00,0.65,46.45,5.00,1.00,9.00,1.00
8.00,0.70,80.95,6.00,7.00,1.00,1.00
6.00,3.29,64.93,9.00,3.00,4.00,3.00
4.00,0.35,42.61,6.00,9.00,4.00,3.00
5.00,1.63,45.14,3.00,3.00,5.00,2.00
1.00,1.44,47.24,2.00,2.00,4.00,3.00
7.00,2.15,53.83,9.00,8.00,5.00,1.00
5.00,2.30,77.74,2.00,3.00,6.00,1.00
7.00,0.82,81.23,8.00,7.00,2.00,1.00
9.00,1.53,62.99,9.00,7.00,4.00,2.00
4.00,1.93,57.27,9.00,1.00,5.00,2.00
5.00,0.59,36.07,7.00,1.00,8.00,3.00
7.00,1.89,65.24,6.00,8.00,8.00,2.00
9.00,3.87,49.72,9.00,2.00,3.00,3.00
9.00,2.82,52.86,9.00,5.00,3.00,3.00
1.00,0.99,50.51,4.00,5.00,4.00,2.00
7.00,0.52,64.48,4.00,5.00,5.00,2.00
3.00,2.72,51.02,2.00,5.00,7.00,3.00
1.00,1.14,72.11,9.00,4.00,3.00,3.00
1.00,1.57,63.63,5.00,3.00,2.00,2.00
8.00,0.25,69.74,9.00,2.00,1.00,1.00
6.00,2.13,45.63,6.00,5.00,1.00,1.00
9.00,1.94,39.94,7.00,5.00,5.00,1.00
5.00,3.21,38.40,6.00,5.00,8.00,1.00
6.00,3.83,55.73,6.00,9.00,5.00,3.00
1.00,0.27,37.60,2.00,8.00,3.00,1.00
9.00,3.15,78.70,5.00,5.00,1.00,2.00
6.00,3.02,64.19,8.00,6.00,8.00,3.00
9.00,3.22,39.12,1.00,1.00,1.00,3.00
9.00,3.75,56.11,2.00,4.00,7.00,2.00
2.00,3.30,65.85,2.00,7.00,5.00,2.00
9.00,0.30,37.36,7.00,3.00,5.00,2.00
6.00,2.25,49.70,6.00,1.00,2.00,3.00
6.00,0.01,37.16,7.00,4.00,7.00,1.00
7.00,2.20,40.62,5.00,7.00,7.00,1.00
8.00,2.36,54.14,3.00,9.00,8.00,3.00
6.00,2.19,79.90,4.00,8.00,8.00,1.00
6.00,2.56,46.81,1.00,4.00,6.00,1.00
5.00,2.91,60.82,4.00,1.00,9.00,3.00
2.00,1.36,75.18,3.00,4.00,6.00,2.00
2.00,1.34,46.69,7.00,8.00,8.00,3.00
9.00,3.83,82.60,2.00,6.00,7.00,2.00
9.00,1.98,37.47,4.00,1.00,4.00,2.00
5.00,1.21,50.91,5.00,1.00,6.00,1.00
2.00,2.54,82.55,3.00,1.00,4.00,2.00
5.00,0.08,50.36,1.00,4.00,5.00,2.00
7.00,1.34,61.96,1.00,4.00,5.00,2.00
7.00,2.20,63.90,6.00,2.00,2.00,1.00
7.00,3.71,39.43,7.00,5.00,7.00,3.00
3.00,2.98,76.94,9.00,5.00,5.00,2.00
2.00,0.86,73.48,5.00,6.00,1.00,2.00
3.00,2.28,58.67,4.00,2.00,8.00,3.00
7.00,2.27,78.28,5.00,9.00,3.00,2.00
5.00,3.47,83.28,9.00,8.00,2.00,2.00
6.00,3.74,46.61,2.00,9.00,9.00,2.00
5.00,0.94,78.65,9.00,8.00,7.00,1.00
1.00,2.50,57.82,3.00,2.00,4.00,3.00
3.00,1.10,47.83,8.00,1.00,1.00,2.00
7.00,3.88,79.94,7.00,9.00,2.00,3.00
7.00,1.36,75.16,5.00,2.00,6.00,1.00
2.00,2.45,41.29,6.00,9.00,5.00,2.00
2.00,0.25,60.25,9.00,2.00,1.00,2.00
6.00,1.56,47.33,5.00,3.00,1.00,3.00
5.00,1.42,63.66,3.00,8.00,9.00,3.00
9.00,0.34,74.67,6.00,2.00,6.00,1.00
7.00,0.50,74.68,3.00,9.00,7.00,3.00
4.00,0.79,42.42,6.00,9.00,4.00,2.00
8.00,0.66,39.14,4.00,9.00,1.00,1.00
4.00,0.55,44.25,9.00,9.00,4.00,2.00
2.00,3.36,79.72,3.00,3.00,3.00,1.00
2.00,2.70,62.57,9.00,5.00,2.00,3.00
3.00,2.70,49.78,9.00,9.00,6.00,2.00
3.00,0.94,72.61,5.00,9.00,1.00,1.00
1.00,3.39,81.59,4.00,1.00,9.00,3.00
2.00,3.49,65.82,1.00,1.00,7.00,3.00
9.00,1.85,67.07,8.00,4.00,1.00,2.00
7.00,2.98,72.42,1.00,8.00,1.00,1.00
9.00,0.19,39.81,4.00,7.00,1.00,2.00
3.00,3.06,56.53,5.00,1.00,2.00,2.00
1.00,0.98,75.60,3.00,4.00,1.00,2.00
9.00,0.07,48.47,5.00,6.00,9.00,2.00
7.00,0.21,43.50,6.00,6.00,6.00,1.00
1.00,0.06,60.25,2.00,3.00,5.00,2.00
1.00,0.63,72.89,9.00,1.00,9.00,1.00
8.00,3.72,65.68,5.00,8.00,4.00,1.00
8.00,2.14,50.87,1.00,6.00,1.00,2.00
5.00,2.08,71.71,2.00,5.00,9.00,1.00
5.00,1.98,37.59,5.00,1.00,7.00,2.00
8.00,0.28,46.31,8.00,3.00,4.00,1.00
2.00,0.30,58.63,4.00,1.00,1.00,2.00
7.00,0.76,64.43,4.00,8.00,1.00,2.00
8.00,2.54,49.64,9.00,1.00,1.00,1.00
2.00,2.00,37.84,2.00,7.00,3.00,2.00
2.00,2.47,74.82,5.00,6.00,7.00,1.00
4.00,2.00,79.82,8.00,8.00,8.00,2.00
7.00,3.78,63.07,9.00,6.00,4.00,1.00
9.00,1.44,45.59,3.00,6.00,2.00,2.00
1.00,0.83,82.29,3.00,8.00,5.00,3.00
4.00,0.73,76.45,4.00,4.00,1.00,1.00
1.00,3.75,52.00,8.00,2.00,7.00,2.00
4.00,3.21,57.11,3.00,4.00,4.00,1.00
7.00,2.35,82.32,1.00,4.00,4.00,2.00
8.00,3.47,58.21,3.00,2.00,5.00,3.00
4.00,3.20,57.90,9.00,8.00,7.00,3.00
8.00,1.12,64.98,9.00,9.00,1.00,2.00
4.00,3.82,75.92,3.00,5.00,8.00,3.00
1.00,0.57,41.51,5.00,3.00,6.00,1.00
4.00,2.62,81.00,9.00,8.00,8.00,2.00
2.00,2.12,67.70,7.00,7.00,4.00,1.00
7.00,0.59,78.76,1.00,3.00,2.00,1.00
3.00,0.40,76.47,1.00,9.00,3.00,3.00
9.00,1.70,50.36,2.00,1.00,4.00,3.00
9.00,0.66,40.86,3.00,2.00,7.00,1.00
3.00,1.52,57.11,8.00,8.00,9.00,2.00
5.00,3.69,77.79,2.00,2.00,1.00,1.00
2.00,0.89,68.97,9.00,9.00,9.00,1.00
3.00,2.99,73.10,1.00,5.00,7.00,1.00
6.00,1.25,55.14,7.00,8.00,7.00,2.00
4.00,3.04,43.36,8.00,6.00,6.00,3.00
9.00,2.87,67.80,8.00,4.00,6.00,3.00
8.00,1.90,45.07,7.00,4.00,3.00,1.00
6.00,3.25,83.01,3.00,4.00,6.00,1.00
5.00,0.90,74.47,7.00,1.00,3.00,2.00
9.00,1.88,65.14,3.00,4.00,8.00,2.00
1.00,1.04,83.17,6.00,5.00,7.00,1.00
7.00,2.74,83.44,6.00,9.00,6.00,2.00
2.00,0.41,45.72,4.00,7.00,2.00,3.00
6.00,1.36,44.81,6.00,1.00,2.00,1.00
9.00,0.79,78.19,7.00,1.00,6.00,1.00
5.00,2.92,74.55,7.00,7.00,4.00,2.00
7.00,0.71,48.80,5.00,6.00,4.00,3.00
1.00,2.54,76.37,3.00,1.00,6.00,1.00
1.00,0.63,70.20,6.00,3.00,2.00,1.00
4.00,1.15,47.77,6.00,2.00,1.00,2.00
8.00,2.35,50.21,1.00,9.00,6.00,2.00
8.00,0.18,78.56,6.00,8.00,2.00,1.00
8.00,0.69,64.38,9.00,3.00,2.00,2.00
1.00,2.36,51.88,8.00,3.00,9.00,1.00
6.00,0.65,78.52,3.00,6.00,5.00,1.00
1.00,1.03,70.06,4.00,1.00,1.00,2.00
2.00,1.20,55.10,7.00,4.00,5.00,2.00
3.00,0.22,79.26,3.00,8.00,7.00,3.00
1.00,0.71,75.61,2.00,1.00,8.00,2.00
3.00,0.11,79.23,6.00,8.00,7.00,1.00
8.00,2.54,65.36,4.00,3.00,9.00,1.00
9.00,1.65,64.25,2.00,9.00,5.00,2.00
3.00,3.84,43.04,7.00,7.00,1.00,1.00
8.00,1.21,66.09,4.00,6.00,1.00,2.00
5.00,3.74,69.08,8.00,6.00,8.00,2.00
8.00,0.57,66.75,9.00,8.00,3.00,2.00
2.00,2.61,81.01,1.00,3.00,1.00,3.00
5.00,1.43,81.14,6.00,5.00,9.00,1.00
3.00,3.54,71.37,4.00,4.00,1.00,1.00
9.00,3.94,37.09,2.00,5.00,7.00,2.00
3.00,1.16,67.25,8.00,5.00,4.00,1.00
1.00,2.93,65.78,8.00,8.00,2.00,3.00
7.00,3.77,49.44,7.00,1.00,4.00,2.00
8.00,3.42,42.71,2.00,2.00,5.00,2.00
6.00,1.89,45.49,1.00,2.00,8.00,3.00
1.00,3.01,63.71,3.00,9.00,9.00,3.00
3.00,3.58,55.08,9.00,3.00,4.00,1.00
3.00,2.52,82.64,7.00,9.00,3.00,2.00
8.00,2.14,74.09,4.00,6.00,9.00,2.00
5.00,0.68,46.22,2.00,9.00,5.00,2.00
5.00,3.01,68.01,7.00,7.00,9.00,3.00
3.00,3.76,49.58,9.00,8.00,1.00,1.00
9.00,0.04,48.21,3.00,4.00,8.00,2.00
5.00,3.97,40.30,7.00,9.00,5.00,3.00
7.00,0.79,62.66,7.00,9.00,3.00,1.00
2.00,0.96,45.91,5.00,9.00,7.00,3.00
9.00,2.76,38.03,5.00,2.00,4.00,2.00
9.00,3.15,67.14,2.00,8.00,7.00,1.00
1.00,1.67,49.77,2.00,9.00,7.00,2.00
9.00,1.69,41.33,4.00,4.00,2.00,1.00
7.00,0.30,51.49,2.00,7.00,1.00,2.00
3.00,2.23,53.36,7.00,1.00,5.00,1.00
3.00,1.98,67.86,6.00,9.00,2.00,2.00
5.00,3.49,68.05,9.00,4.00,3.00,3.00
3.00,1.40,45.47,8.00,1.00,6.00,1.00
3.00,3.29,65.73,9.00,4.00,3.00,3.00
9.00,0.46,83.23,6.00,4.00,7.00,2.00
4.00,0.21,54.07,9.00,2.00,4.00,2.00
3.00,1.38,80.27,6.00,7.00,3.00,2.00
7.00,1.28,71.60,1.00,1.00,1.00,3.00
6.00,1.17,57.79,5.00,6.00,9.00,2.00
6.00,2.88,69.22,9.00,5.00,9.00,2.00
9.00,3.36,63.03,5.00,7.00,2.00,3.00
9.00,3.00,65.21,5.00,8.00,1.00,2.00
8.00,3.09,83.32,6.00,1.00,4.00,3.00
8.00,0.03,70.59,1.00,8.00,4.00,3.00
2.00,1.82,58.87,2.00,5.00,7.00,1.00
1.00,3.37,42.12,3.00,7.00,1.00,3.00
8.00,3.46,41.40,2.00,1.00,4.00,3.00
6.00,3.80,40.31,8.00,8.00,6.00,3.00
4.00,0.51,55.12,9.00,1.00,1.00,2.00
6.00,0.24,36.01,7.00,9.00,5.00,3.00
5.00,2.13,74.68,2.00,9.00,3.00,3.00
9.00,2.86,47.34,1.00,7.00,4.00,1.00
4.00,2.39,48.36,8.00,4.00,4.00,2.00
3.00,0.58,57.63,2.00,8.00,4.00,3.00
6.00,3.10,49.85,8.00,9.00,1.00,2.00
8.00,3.90,65.02,2.00,8.00,7.00,3.00
5.00,2.40,60.37,4.00,3.00,4.00,2.00
2.00,2.56,64.99,9.00,9.00,4.00,3.00
9.00,3.07,44.55,8.00,4.00,8.00,2.00
1.00,2.78,60.49,9.00,4.00,1.00,1.00
1.00,0.28,73.12,8.00,2.00,2.00,2.00
5.00,2.22,65.36,8.00,1.00,6.00,3.00
2.00,1.96,52.90,4.00,2.00,4.00,3.00
6.00,2.75,64.86,9.00,3.00,3.00,3.00
1.00,0.20,67.94,4.00,5.00,6.00,2.00
1.00,1.56,38.12,7.00,5.00,6.00,3.00
6.00,0.01,62.96,8.00,2.00,7.00,2.00
2.00,3.67,46.50,1.00,8.00,3.00,1.00
4.00,3.87,72.99,9.00,5.00,2.00,3.00
3.00,1.59,60.75,2.00,9.00,1.00,1.00
2.00,2.36,74.19,8.00,9.00,2.00,1.00
6.00,3.82,67.06,1.00,1.00,2.00,3.00
4.00,3.23,46.75,1.00,8.00,5.00,2.00
8.00,0.88,63.70,9.00,1.00,5.00,3.00
1.00,0.88,81.55,1.00,7.00,7.00,2.00
8.00,2.21,36.07,6.00,4.00,4.00,2.00
1.00,0.46,76.94,2.00,9.00,5.00,3.00
1.00,0.65,70.77,3.00,9.00,4.00,1.00
7.00,1.11,54.12,3.00,9.00,5.00,2.00
9.00,3.46,63.89,6.00,7.00,3.00,2.00
7.00,1.50,53.76,6.00,8.00,2.00,2.00
4.00,2.61,68.90,8.00,3.00,2.00,3.00
5.00,1.71,59.54,2.00,4.00,5.00,2.00
7.00,0.05,61.64,7.00,9.00,4.00,1.00
6.00,3.43,73.94,2.00,1.00,9.00,2.00
1.00,2.89,79.34,4.00,8.00,5.00,3.00
7.00,0.43,42.55,9.00,9.00,8.00,1.00
9.00,0.90,66.85,7.00,2.00,4.00,1.00
